name,image,price,category
25 לפתניות 9 OZ  -קנה סוכר,7290113921085.jpg,10,hadpaami
25 צלחת עגולה גודל  7  - קנה סוכר,7290113920705.jpg,8,hadpaami
בליסטר 5 סוללות cr1225 ליטיום,7291235661538.jpg,18,hadpaami
גביע לרוטב עם מכסה 1oz,7290016028164.jpg,8,hadpaami
כרית יפנית,7290118430766.jpg,8,hadpaami
להבונים 50 יח,7290016624885.jpg,9,hadpaami
לפתניה 20 יחי happy,7290017222417.jpg,2,hadpaami
מגש דקל אובלי ענק 31/55 סמ,7290113922228.jpg,10,hadpaami
מיכל אחסון ל 10 ביצים,7290115738940.jpg,6,hadpaami
מיכל איחסון סגור 4 צדדים,7290017870168.jpg,13,hadpaami
מלכודת זבובים 10 יחידות,7290019673330.jpg,22,hadpaami
מסכה לפנים חד פעמי 50 יח,7290114659949.jpg,15,hadpaami
מתלה כביסה אלומיניום,7290110290641.jpg,70,hadpaami
נייר אפייה חום 50 יחידות,7290015562614.jpg,10,baking
נייר פרגמנט 30/40 חום (1000 יח'),1.jpg,1,hadpaami
נייר צלופן 50 על 70,8697502233467.jpg,22,hadpaami
סט כוסות צבוני לשתיה חמה,7290120166219.jpg,35,hadpaami
פח 50 ליטר שחור שובך,7290016387995.jpg,60,cleaning
צלחות אמרקאיות קטן שקוף הנמל,7290120320321.jpg,20,hadpaami
צלחת מרובעת 20 סמ 8- דקל,7290113921245.jpg,12,hadpaami
קוטל תיקן,7290019673309.jpg,30,hadpaami
קופסת איכסון מלבנית 27oz,7290017870298.jpg,13,hadpaami
קנקן שתיה פסים עם מכסה,7290113926707.jpg,18,hadpaami
קסרול 20 יחי happy,7290017222370.jpg,2,hadpaami
קש שתייה שחור 400,7290016028799.jpg,15,hadpaami
תבניות אלומיניום בינוניות 3 יחידות,7290019673606.jpg,11,hadpaami
תבניות אלומיניום ענקיות 2 יחידות,7290019673590.jpg,11,hadpaami
תבנית אלומיניום אינגליש 5 יחידות,7290019673583.jpg,11,baking
10 כפות זהב עם לבן קלאס,7290113925939.jpg,7,hadpaami
10 כפיות זהב עם לבן קלאס,7290113925946.jpg,7,hadpaami
10 מזלגות זהב עם לבן קלאס,7290113925922.jpg,7,hadpaami
10 סכינים זהב עם לבן קלאס,7290113925915.jpg,7,hadpaami
10 צלחות מרובעת 10' - 25 סמ -דקל,7290113921269.jpg,13,hadpaami
20 צלחת מרובעת גודל  10 -קנה סוכר,7290113920774.jpg,18,hadpaami
20 צלחת מרובעת גודל 8 -קנה סוכר,7290113920767.jpg,12,hadpaami
5 יח מגש אובלי סמול 30/19 סמ -דקל,7290113923461.jpg,10,hadpaami
בובת TY באונסר פנדה,008421830046.jpg,29,hadpaami
בלון GM10 מטאלי ורוד 33 100 יחי',8021886113310.jpg,5,birthday
בלון GM110 מטאלי לבן 029 100 יחי',8021886112917.jpg,5,birthday
גביע מרגריטה גדול,7290016323030.jpg,12,hadpaami
גליל מפה מובלטת ורוד 15 מ' 1.4 ר,7290121243421.jpg,30,hadpaami
גליל מפה מובלטת כסף 15 מ' 1.4 ר',7290121244213.jpg,30,hadpaami
חב' 10 יחי' סרט משיכה מיטאלי אדום,6923538239343.jpg,8,hadpaami
חב' 10 יחי' סרט משיכה מנוקד זהב ורוד,6923538239534.jpg,8,hadpaami
כוס 10 OZ מרובע שקוף 20 יחי',7290012027772.jpg,12,hadpaami
כוס 12 oz עגולה שקופה 5 יחי',7290019858478.jpg,14,hadpaami
כוס 8 OZ עגולה שקוף 20 יחי',7290019858348.jpg,10,hadpaami
כוסות 12OZ 50 יחי' PET,835811005834.jpg,15,hadpaami
כיסוי ניילון לקערות 30 יחי',835811006251.jpg,9,hadpaami
"לקקן סיליקון משולב 28 ס""מ",7290019439028.jpg,14,hadpaami
מאפינס צבעוני 200 יחי'  מס'1.5,835811002253.jpg,7,hadpaami
מגירת איחסון L GAZIT 31/31/11.5,7102545381750.jpg,60,hadpaami
מגש 21*35 מלבני 4 יחי',7290015922692.jpg,11,hadpaami
"מגש מלבני שקוף לונג כ 48 ס""מ",7290015922326.jpg,10,hadpaami
מזלגות 50 יחי' קרם עבה במיוחד,835811000426.jpg,9,hadpaami
מיכל גז ביתי חד פעמי לניפוח בלונים,5903641178327.jpg,130,hadpaami
מיני עדשים 200 גר' בצנצנת לעוגה,835811001119.jpg,13,birthday
מכסה לתבנית אלומיניום אר' 15,7290017870489.jpg,6,baking
מנג'ט לבן מס' 3 115 יחי',7290003679225.jpg,10,hadpaami
מנורה H4,4082300286700.jpg,20,hadpaami
מפיות תחרה 20X38 מלבן אר' 12,7290111660870.jpg,7,hadpaami
מקלף דגם קנדה,7759855539441.jpg,12,hadpaami
מרקיות ספיר רקע כחול 10 יחי',7290120320468.jpg,11,hadpaami
מרשמלו ענק מסולסל 12 יחי' וניל/תות,7290120320956.jpg,22,hadpaami
מתקן לכוסות דנטל,8697957251252.jpg,8,hadpaami
סיר חד פעמי קטן כ 2 לי' לא לשמן,3612.jpg,4,hadpaami
סכין וינטג' שחור 10 יחי',7290115951134.jpg,4,hadpaami
סכינים 50 יחי' קרם עבה במיוחד,835811000433.jpg,9,hadpaami
צבע ג'ל לשוקולד 30 מל' ורוד עתיק,7290016973914.jpg,15,baking
"צלחת 9"" חלקה 10 יחי'",7290121241304.jpg,10,hadpaami
צלחת גדולה ריינבו טורקיז אר' 20,7290018509661.jpg,7,hadpaami
צלחת לייט וינטג' בינונית שקוף 10 יחי',7290003586448.jpg,10,hadpaami
צלחת לייט וינטג' שקוף גדולה 10 יחי',7290003586134.jpg,13,hadpaami
צלחת מרובעת 15 סמ 6 - דקל,7290113921238.jpg,8,hadpaami
צלחת עגולה 10' - דקל,7290113921306.jpg,12,hadpaami
צלחת עגולה 6' - דקל,7290113921184.jpg,8,hadpaami
צלחת עגולה 8' - דקל,7290113921290.jpg,10,hadpaami
קינוחית שלוש שקעים ארוז 6 יחי',7290013757388.jpg,8,hadpaami
"קערה עגולה מעץ 35X7 ס""מ L",7290115779691.jpg,82,baking
קפ' שקופה + תחתית קרטון 8*10*30,6923538229481.jpg,7,hadpaami
קרסול גלים פס זהב 10 יחי',7290019858287.jpg,10,hadpaami
"רדיד אלמניום ביתי 30 ס""מ 7.5 מ'",7290118438021.jpg,5,hadpaami
"רדיד אלמניום ביתי 45 ס""מ 7.5 מ'",7290118438038.jpg,6,hadpaami
ריצפז שמן אורנים 2 ליטר,7290108352559.jpg,22,hadpaami
שטיח דלת כניסה,8341695960043.jpg,35,hadpaami
ת.רחצה קרמה אפרסק 50,7290108354379.jpg,22,hadpaami
תבנית מלבנית בינוני  28*19,7290113925281.jpg,3,baking
תוצצים למדפים אקרילי סט 2,7102545381712.jpg,30,hadpaami
תערובת להכנת פנקייק 450 גר',7290120320611.jpg,14,hadpaami
בבות TY באונסר דרקון,008421830121.jpg,29,hadpaami
בבות TY באונסר פרה,008421830596.jpg,29,hadpaami
בבות TY באונסר צפרדע,008421830626.jpg,29,hadpaami
בובת TY באונסר אירון מן,008421830343.jpg,29,hadpaami
בובת TY באונסר האסקי,008421830633.jpg,29,hadpaami
בובת TY באונסר חתול צבעוני,008421830671.jpg,29,hadpaami
בובת TY באונסר חתול צהוב,008421830138.jpg,29,hadpaami
בובת TY באונסר מיני מאוס,008421830251.jpg,29,hadpaami
בובת TY באונסר מיקי מאוס,008421830244.jpg,29,hadpaami
בובת TY באונסר נמר,008421830145.jpg,29,hadpaami
בובת TY באונסר ספיידר מן,008421830374.jpg,29,hadpaami
בובת TY באונסר קפטן אמריקה,008421830312.jpg,29,hadpaami
בובת TY באונסר תמנון,008421830084.jpg,29,hadpaami
בלון  מיילר 34 כסף ספרה 9,7290108079111.jpg,30,birthday
בלון GS110 מודפס יום הולדת שמח 10 יחי',7290120661158.jpg,15,birthday
בלון מיילר 18 לב שמפניה מאט מזל טוב,7290120663978.jpg,25,birthday
בלון מיילר 18 לס יום הולדת שמח נקודות,7290120662827.jpg,25,birthday
בלון מיילר 18 עגול ורוד,7290122842302.jpg,25,birthday
בלון מיילר 18 עגול ורוד עוגה ודיגלונים מ,7290120664425.jpg,25,birthday
בלון מיילר 18 עגול זהב זיקוקים יום הולדת,7290122840957.jpg,25,birthday
בלון מיילר 18 עגול קשת בענן מזל טוב,7290122842401.jpg,25,birthday
בלון מיילר 18 עגול שחור נקודות צבעוני,7290122840858.jpg,25,birthday
"בלון מיילר 18"" לב אדום חלק",7290120661400.jpg,20,birthday
בלון מיילר 18לב לבן נקודות זהב יום הולדת,7290120663473.jpg,25,birthday
בלון מיילר 19 כוכב ורוד סוכריות יום הולדת,7290122841459.jpg,25,birthday
בלון מיילר 19 כוכב קשת בענן מזל טוב,7290122841305.jpg,25,birthday
"בלון מיילר 26"" לב יום הולדת שמח כוכבים אדום",7290120663275.jpg,25,birthday
"בלון מיילר 26"" לב יום הולדת שמח מעוגה בלונים",7290120662421.jpg,25,birthday
"בלון מיילר 26"" לב יום הולדת שמח נקודות זהב",7290120662872.jpg,25,birthday
"בלון מיילר 26"" לב לבן מזל טוב קונפטי זהב",7290120664029.jpg,25,birthday
"בלון מיילר 26"" לב מזל טוב גראדיאנט בת הים",7290120662520.jpg,25,birthday
בלון מיילר 34 ורוד בייבי ספרה 0,7290102007790.jpg,30,birthday
בלון מיילר 34 זהב ספרה 0,7290108078947.jpg,30,birthday
בלון מיילר 34 זהב ספרה 2,7290108078985.jpg,30,birthday
בלון מיילר 34 זהב ספרה 3,7290108079005.jpg,30,birthday
בלון מיילר 34 זהב ספרה 4,7290108079029.jpg,30,birthday
בלון מיילר 34 כחול ספרה 0,7290102007899.jpg,30,birthday
בלון מיילר 34 כחול ספרה 2,7290102007912.jpg,30,birthday
בלון מיילר 34 כחול ספרה 7,7290102007967.jpg,30,birthday
בלון מיילר 34 כסף ספרה 0,7290108078930.jpg,30,birthday
בלון מיילר 34 כסף ספרה 5,7290108079036.jpg,30,birthday
בלון מיילר 34 כסף ספרה 6,7290108079050.jpg,30,birthday
בלון מיילר 34 כסף ספרה 8,7290108079098.jpg,30,birthday
"בלון מיילר 34"" כחול ספרה 1",7290102007905.jpg,30,birthday
"דלי פורים שמח כ14 ס""מ קוטר 16 ס""מ",7290121241748.jpg,4,hadpaami
"זיקוק 15 ס""מ 5גר 6 יחי' צבעוני",7290112707499.jpg,25,hadpaami
חצאית פלסטי לשולחן ורוד,6928325167212.jpg,10,hadpaami
חצאית פלסטי לשולחן לבן,6928325167205.jpg,10,hadpaami
חצאית פלסטי לשולחן שחור,6928325183793.jpg,10,hadpaami
חצאית פלסטי לשולחן תכלת,6928325167229.jpg,10,hadpaami
חצאית שולחן מטאלית פרנזים רוז גולד,7290112708144.jpg,12,hadpaami
כו פלסטיק עם קשית ספיידרמן אייקונים,7290121800365.jpg,7,hadpaami
כוס פלסטיק עם קשית ברבי קלאסית,7290121800266.jpg,7,hadpaami
כוס פלסטיק עם קשית מיניונים מוזיקה,7290121800464.jpg,7,hadpaami
כוס פלסטיק עם קשית ספיידי וחבריו המופלאים,7290121800419.jpg,7,hadpaami
כוסות נייר 8 יחי' K-POP,5201184986509.jpg,12,hadpaami
כוסות נייר 8 יחי' מפרץ ההרפתקאות,7290120661165.jpg,10,hadpaami
מארז פורים שקית,7290122840841.jpg,8,cleaning
מארז פורים שקית מהודרת,7290122840896.jpg,20,cleaning
מגש נייר למשלוח מנות כ11.5*20*25,7290121247795.jpg,9,hadpaami
מיני מסכות צבעוני,7290115951455.jpg,3,hadpaami
מנשפים מטאלים מקרון 5 מיחי' לבן,7290120090569.jpg,10,hadpaami
מסיכות צבעוניות,7290110284459.jpg,3,hadpaami
"מפיות נייר 2 שכ' 33X33 ס""מ 20 יחי' K-POP",5201184986417.jpg,10,hadpaami
"מפיות נייר 33X33 ס""מ 16 יחי' מפרץ ההרפתקאות",7290120661219.jpg,12,hadpaami
"מפיות נייר 33X33 ס""מ 16 יחי' ספיידרמן",7290120662919.jpg,12,hadpaami
מפיות נייר 33X33 סמ 16 יחי סטיץ V,7290121808095.jpg,12,hadpaami
מפית פורים הדפס ליצן 16 יחי',7290121246507.jpg,7,hadpaami
מפית פורים שמח 16 יחי',7290121246477.jpg,7,hadpaami
מפת שולחן מפרץ ההרפתקאות,7290120661615.jpg,20,hadpaami
מפת שולחן-מיקי מאוס קלאסי,7290120660014.jpg,20,hadpaami
נייר גרוס צבעוני,7290118637349.jpg,7,hadpaami
נר יום הולדת מסתובב ומנגן,7290102002962.jpg,24,birthday
נר מספר 3 כסף חלק,7290112703439.jpg,10,birthday
נר צף זהב / כסף SJP2213M,7290006547552.jpg,20,birthday
"ספריי חוטים מסיבה צבעוני 128 ג' 330 מ""ל",7290118871811.jpg,8,birthday
"סרט סטאן 1 ס""מ 250 יארד ורוד עתיק",6923538204938.jpg,5,hadpaami
"סרט סטאן כ 4 ס""מ לילך 25 יארד",6923538202514.jpg,10,hadpaami
עלי כותרת של פרחים צבע לבן 200 יחי',7290015262316.jpg,6,hadpaami
"צלחות נייר 23 ס""מ 8 יחי' K-POP",5201184986387.jpg,12,hadpaami
"צלחות נייר 23 ס""מ 8 יחי' ספיידרמן",7290120662766.jpg,12,hadpaami
"צלחת נייר 20 ס""מ 8 יח' מפרץ ההרפתקאות",7290120661110.jpg,10,hadpaami
קופסה לעוגה עם במה וסרט סאטן,6923538224882.jpg,18,birthday
קופסת קרטון + מכסה פורים שמח,7290121247245.jpg,9,hadpaami
קישוט תליה וילון 1X2 ופרנזים מטאלי זהב,7290113312708.jpg,12,birthday
קישוט תליה וילון 1X2 ופרנזים מטאלי לבן אולטרא,7290113313378.jpg,12,birthday
קישוט תליה וילון 1X2 ופרנזים מטאלי רוז גולד,7290113312722.jpg,12,birthday
קערה פלסטיק עם קשית הלו קיטי קשת,7290121800662.jpg,8,hadpaami
קערה פלסטיק עם קשית מיני צבעי הקשת,7290121800716.jpg,8,hadpaami
קערה פלסטיק עם קשית מיקי מאוס קלאסי,7290121800761.jpg,8,hadpaami
קערה פלסטיק עם קשית ספיידרמן אייקונים,7290121800914.jpg,8,hadpaami
קערת פלסטיק עם קשית מיניונים מוזיקה,7290121801010.jpg,8,hadpaami
קערת פלסטיק עם קשית ספיידי וחבריו המופלאים,7290121800969.jpg,8,hadpaami
שקית 10 בלונים מטאלי ורוד,7290113317611.jpg,8,cleaning
שקית 10 בלונים מטאלי כחול,7290113317628.jpg,8,cleaning
שקית 10 בלונים מטאלי כסף,7290113317598.jpg,8,cleaning
שקית 10 בלונים מטאלי לבן,7290113317567.jpg,8,cleaning
שקית 10 בלונים פסטל אדום,7290115079265.jpg,7,cleaning
שקית 36 בלונים פסטל מיקס,7290108070323.jpg,18,cleaning
שקית קרטון + שרוך פורים שמח,7290121247344.jpg,6,cleaning
"תותח קונפטי 40 ס""מ כדורגל",7290108076295.jpg,15,hadpaami
"תותח קונפטי 40 ס""מ מטאלי לבן",7290113596801.jpg,15,hadpaami
12 דפי ספוג הפלא,7290108359145.jpg,14,cleaning
50 מפיות 3 שכבות XL,7290108353075.jpg,14,hadpaami
JAVEL 4 ליטר סמיכה,7290000294780.jpg,18,hadpaami
JAVEL ליטר 4 לימון,7290000288024.jpg,24,hadpaami
JAVEL מרסס לבנדר,7290000288048.jpg,18,hadpaami
JAVEL מרסס פריחה,7290108359985.jpg,18,hadpaami
LIV מגבות מטבח נשלפות 190 יחי',7290017729725.jpg,10,baking
LIV מפיות פרימיום קמעונאי לבן 80 דו שכבתי,7290017729732.jpg,10,hadpaami
אטבי כביסה גמבו,7291988049287.jpg,12,hadpaami
"אנטי סליפ הטבעה 45*250 ס""מ",7290006547613.jpg,25,hadpaami
"אנטי סליפ מודפס 2.5X45 ס""מ",7290006547071.jpg,25,hadpaami
"ארגוניות מגירון לאחסון 27*11.5 ס""מ",7290115738834.jpg,10,hadpaami
ג'ל כביסה ש.שועל ביי,7290108356472.jpg,33,hadpaami
דואופרש פסיפל-תפוז,7290000133904.jpg,15,hadpaami
דואופרש פצולי לבנדר,7290004731670.jpg,15,hadpaami
כביסכל 2 ליטר ארומטי BIO,7290015381666.jpg,40,hadpaami
כביסכל 2 ליטר בייבי BIO,7290015381635.jpg,40,hadpaami
כביסכל 2 ליטר מאסק פלאוורס BIO,7290020228017.jpg,40,hadpaami
כביסכל 2 ליטר סופטקייר BIO,7290015381871.jpg,40,hadpaami
כביסכל מנקה רצפות מאסק,7290020228734.jpg,32,hadpaami
כביסקל 2 ליטר רוז BIO,7290015381659.jpg,40,hadpaami
כיף מרכך אפרסק וחמאת,7290108357882.jpg,13,hadpaami
כיף שמפו אפרסק וחמאת,7290108357275.jpg,13,hadpaami
כיף שמפו לניקוי עמוק,7290108353327.jpg,13,cleaning
כיף שמפו נגד קשקשים,7290108353334.jpg,13,hadpaami
"כיף ת. רחצה שקדים 700 מ""ל",7290108356106.jpg,13,hadpaami
כיף ת.רחצה אוקינוס,7290108356168.jpg,13,hadpaami
כיף ת.רחצה אפרסק וחמ,7290108356489.jpg,13,hadpaami
כיף ת.רחצה לעור רגיש,7290108357691.jpg,13,hadpaami
כיף תחליף רחצה 1.4 אוקיי,7290108356250.jpg,26,hadpaami
"מבשם בייבי 750 מ""ל",7290015381826.jpg,22,hadpaami
מטאטא טופ גוץ עץ מוזהב,7290016777642.jpg,16,cleaning
מטליות לחות לניקוי כללי בדלי,7290014803885.jpg,25,cleaning
מפיות 39X39 LIV קולקשיין 50 מפיות תלת שכבתי,7290003055142.jpg,10,hadpaami
מפיץ ריח חשמלי שחור,7290108356434.jpg,175,hadpaami
מפת שולחן בגליל 1.40/45,7290113923539.jpg,32,hadpaami
מקסימה בייבי שיבולת שועל,7290108354069.jpg,20,hadpaami
מרכך מרוכז א.פרש 1 ליטר,7290013268020.jpg,20,hadpaami
מרכך מרוכז לאבלי כות..,7290108358384.jpg,20,hadpaami
מרכך מרוכז מאסק 1 ליטר,7290012117558.jpg,22,hadpaami
מרכך מרוכז סןפט סיליק,7290108350623.jpg,20,hadpaami
מרכך מרוכז פיור לאב,7290108358766.jpg,23,hadpaami
מרכך מרוכז פלורל טאצ',7290108351811.jpg,20,hadpaami
מרכך מרוכז קול 1 ליטר,7290012117534.jpg,20,hadpaami
מרכך מרורכז חלב ודבש,7290014397286.jpg,20,hadpaami
מרסס אוקסיג'ין כ. לבנה,7290108357295.jpg,22,hadpaami
"נוזל כלים ביו 750 מ""ל 24% מאסק",7290015381420.jpg,18,hadpaami
"נוזל כלים ביו 750 מ""ל 24% רוז",7290015381970.jpg,18,hadpaami
נוזל לניקוי שמשות 4 ליטר,7290011785444.jpg,18,cleaning
נוזל רצפות 2 ליטר אלגנט,7290020228741.jpg,32,hadpaami
נוזל רצפות 2 ליטר ארומטי,7290020228680.jpg,32,hadpaami
נוזל רצפות 2 ליטר בייבי,7290020228703.jpg,32,hadpaami
נייר טואלט  32 גלילים LIV,7290017729381.jpg,29,hadpaami
סבוניה אקרילית מרובע,7290119968208.jpg,10,hadpaami
סל כביסה 35 ליטר שטוח ראטן,8696219397325.jpg,45,hadpaami
סנו סושי 150 מפיות לבן,7290005424847.jpg,10,hadpaami
סנו פורטה פלוס 750 מ,7290000289748.jpg,16,hadpaami
ק. מן שמפו רגיל מנטה,7290012117428.jpg,20,hadpaami
רדיד אלומיניום 100מ' 45 ר',7290016580136.jpg,70,hadpaami
ריצפז חלומי שואב שוטף,7290108353242.jpg,33,hadpaami
רצפז בניחוח כותנה מלטפת,7290014397767.jpg,22,hadpaami
רצפז פ. הום אולטרא פר,7290108357370.jpg,22,hadpaami
רצפז פ. הום מלון מפנק,7290013268242.jpg,22,hadpaami
רצפז פ. הום ספא מרגיע,7290107280822.jpg,22,hadpaami
רצפז פ.הום מ.בוטיק 2לי,7290013269621.jpg,22,hadpaami
שטיחונים 3 מ' ANTI SLIP,7290002579434.jpg,25,hadpaami
שקיות אשפה 75/90 25 יחי',7290112486714.jpg,5,hadpaami
ז- לייט וינטג' צלחת קטנה מנטה * 10,7290110287917.jpg,8,hadpaami
ראנר זהב בהיר נצנצים חדש - כ 3,7290110287191.jpg,20,birthday
'א - גביע יין - רגל פנינה* 6 יח,7290110286132.jpg,12,hadpaami
'א- גביע יין - רגל נצנצים כסף * 6 יח,7290110286163.jpg,12,hadpaami
'א- לפתניה וינטג' לבן *10 יח,7290110281496.jpg,7,hadpaami
'א- מגש וינטג' אובלי עמוק  לבן * 3 יח,7290016212617.jpg,8,hadpaami
'א- מרקיה וינטג' לבן *10 יח,7290003586103.jpg,10,hadpaami
'ב- ורוד וינטג' מזלג לייט *10 יח,7290115951165.jpg,4,hadpaami
'ב- ורוד וינטג' סכין לייט*10 יח,7290115951172.jpg,4,hadpaami
'ב- לייט וינטג' צלחת בינונית קרם* 10 יח,7290110287993.jpg,12,hadpaami
'ב- לייט וינטג' צלחת גדולה קרם* 10 יח,7290110287986.jpg,13,hadpaami
'ב- מרקיה וינטג' קרם *10 יח,7290016212341.jpg,10,hadpaami
"'ב- צלחת פטל ""7  לבן ופס זהב  * 10 יח",7290121243933.jpg,10,hadpaami
'ב- קסרול וינטג' קרם * 6 יח,7290115956979.jpg,8,hadpaami
'ג- לייט וינטג' צלחת גדולה זהב * 10 יח,7290118632047.jpg,13,hadpaami
'ג- קסרול וינטג' זהב * 6 יח,7290110280512.jpg,7,hadpaami
'ד- מנטה וינטג' מזלג לייט *10 יח,7290115951325.jpg,4,hadpaami
'ד- מנטה וינטג' סכין לייט*10 יח,7290115951332.jpg,4,hadpaami
'ה- מגש וינטג' אובלי גדול שקוף * 3 יח,7290110281090.jpg,10,hadpaami
'ה- מגש וינטג' אובלי עמוק  שקוף * 3 יח,7290110281106.jpg,8,hadpaami
'ה- קסרול וינטג' שקוף * 6 יח,7290110281083.jpg,7,hadpaami
'ה- שקוף לפתניה וינטג'*10 יח,7290110281519.jpg,7,hadpaami
'ו- לבן וינטג' כף לייט *10 יח,7290115951387.jpg,4,hadpaami
'ו- לבן וינטג' כפית לייט*10 יח,7290115951394.jpg,4,hadpaami
'ו- לבן וינטג' מזלג לייט *10 יח,7290115951363.jpg,4,hadpaami
'ז- לפתניה וינטג' מנטה *10 יח,7290110281793.jpg,7,hadpaami
'ז- מגש וינטג' אובלי עמוק מנטה * 3 יח,7290110281885.jpg,8,hadpaami
'ז- מרקיה וינטג' מנטה *10יח,7290110281595.jpg,10,hadpaami
'ז- קסרול וינטג' מנטה *  6 יח,7290110281861.jpg,7,hadpaami
'ח- לייט וינטג' צלחת קטנה ורוד* 10 יח,7290110288037.jpg,8,hadpaami
'ח- לפתניה וינטג' ורוד *10 יח,7290110281502.jpg,7,hadpaami
'ט- קרם וינטג' כף לייט *10 יח,7290115951264.jpg,4,hadpaami
'ט- קרם וינטג' כפית לייט*10 יח,7290115951271.jpg,4,hadpaami
'ט- קרם וינטג' מזלג לייט *10 יח,7290115951240.jpg,4,hadpaami
'ט- קרם וינטג' סכין לייט*10 יח,7290115951257.jpg,4,hadpaami
'יא- וינטג' מרקיה נצנצים כסף*10 יח,7290003586530.jpg,10,hadpaami
'כ- נצנצים כסף וינטג' מזלג *10 יח,7290110286026.jpg,4,hadpaami
'כ- נצנצים כסף וינטג' סכין *10 יח,7290110286040.jpg,4,hadpaami
'נ- שקוף וינטג' כף *10 יח,7290110280116.jpg,4,hadpaami
'נ- שקוף וינטג' כפית *10 יח,7290110280123.jpg,4,hadpaami
'נ- שקוף וינטג' מזלג *10 יח,7290110280093.jpg,4,hadpaami
'ס- כף נצנצים זהב וינטג'  *10 יח,7290110286071.jpg,4,hadpaami
'ס- נצנצים זהב וינטג' סכין *10 יח,7290110286057.jpg,4,hadpaami
'‏29 -כוס שוט כסף 2 אוז * 24 יח,7290115952179.jpg,12,hadpaami
* יא- לייט וינטג' צלחת קטנה נצנצים כסף,7290110287856.jpg,8,hadpaami
*מפה רנר דגם רוז לבן-כסף  137,7290014625570.jpg,10,birthday
"1 ק""ג אבקת סוכר שקית",7290001050064.jpg,15,cleaning
10 מרקיות עגולות פלוורס,7290113923843.jpg,14,hadpaami
"10 שקיות זילוף מקצועיות 30 ס""מ",7290018884782.jpg,8,hadpaami
"10 שקיות זילוף מקצועיות 36 ס""מ",7290018884799.jpg,9,hadpaami
"10 שקיות זילוף מקצועיות 40 ס""מ",7290018884805.jpg,10,hadpaami
"10 שקיות זילוף מקצועיות 45 ס""מ",7290018884812.jpg,10,hadpaami
100 סוכריות על מקל 12 גר',7290016500193.jpg,50,hadpaami
100 סוכריות על מקל פירות בשקית 900 גר',7290019500179.jpg,32,cleaning
100 צלחות גדולות פלאס,7290104853333.jpg,20,hadpaami
2 סוללות C-LR14 DUAL POWER,7291000129997.jpg,10,hadpaami
2 סוללות D-LR20 DUAL POWER,7291000129973.jpg,10,hadpaami
2 קופסאות אקרילי גדול,7290118431725.jpg,22,hadpaami
2 תבניות קרטון קשיח,7290108359022.jpg,15,hadpaami
20 מפיות 3 שכבות 33*33,7290003586455.jpg,8,hadpaami
20 צלחת מרובעת גודל  6 -קנה סוכר,7290113920750.jpg,10,hadpaami
"25 כפות עץ מעוצבים 20 ס""מ",7290113924932.jpg,10,hadpaami
"25 כפיות עץ איכותיות 16 ס""מ",7290113924963.jpg,6,hadpaami
"25 מזלגות עץ מעוצבים 20 ס""מ",7290113924956.jpg,10,hadpaami
"25 סכיני עץ מעוצבים 20 ס""מ",7290113924949.jpg,10,hadpaami
3 יח מטליות מיקרופייבר לרצפה,7290115737813.jpg,14,hadpaami
3 כריות ברזל לקרצוף חזק SHINY,7290012931611.jpg,9,hadpaami
"3 מגשים עגולים 12"" 30 ס""מ דקל",7290113921191.jpg,10,hadpaami
3 סקוצים עבים,7290016117400.jpg,10,hadpaami
4 כריות ניקוי לשבת,7290108359060.jpg,14,cleaning
4 מברשות שיניים לצחצוח בינוני,7290020178336.jpg,10,hadpaami
4 מברשות שיניים לצחצוח רך,7290020178329.jpg,10,hadpaami
"4 נרות אורך 26 ס""מ תחרה זהב",7290017674872.jpg,30,birthday
4 תבניות נייר מלבניות,7290108353020.jpg,12,hadpaami
4 תבנית נייר עגולה,7290108353037.jpg,10,baking
40 סושי לחות עוצמתי,7290108359251.jpg,27,hadpaami
5 כוסות פסים פס זהב,7290113927889.jpg,15,hadpaami
5 כוסות פסים פס כסף,7290113927896.jpg,15,hadpaami
5 מטליות מיקרופייבר למשטחים SWIFT,7290018929001.jpg,8,hadpaami
5 קערות עגולות לסלט פלוורס,7290113923836.jpg,12,hadpaami
"50 יח' מקלות מגנום 9.4 ס""מ (ארוז 12)",7290618281844.jpg,7,hadpaami
"50 יח' מקלות מגנום קטן 7.5 ס""מ (ארוז 12)",7290618281837.jpg,6,hadpaami
50 כוסות נייר גודל 8oz,729011392358.jpg,8,hadpaami
"50 כוסות צבעוניות 200 מ""ל",7290113925144.jpg,7,hadpaami
50 כוסות שתיה חמה 8BOZ,077343002220.jpg,4,hadpaami
50 נרות חימום 8 שעות מנורה,7290004255602.jpg,22,birthday
6 סלטיות אובליות פלוורס,7290113923829.jpg,10,hadpaami
6oz1-‏29-  גביע כסף קידוש *10 יח' כ,7290115952186.jpg,10,hadpaami
7 שקיות בד לבישול,7290108359299.jpg,13,hadpaami
80 צמרוני עץ SHINY,7290014945036.jpg,2,hadpaami
99.9% תוסף לחיטוי כביסה,7290108352368.jpg,36,hadpaami
BG מסיר פיח K44  חסכן דלק,766041121769.jpg,85,baking
BG תכשיר לניקוי פיח קשיח מנועי דיזל,766041121783.jpg,85,cleaning
EUROPEAN שמרים יבשים ווקום 450גר',8680202110282.jpg,15,hadpaami
JAVEL 4 ליטר לבנדר,7290000294773.jpg,20,hadpaami
JAVEL 4 ליטר פריחה,7290108357288.jpg,20,hadpaami
NEGRO פולי קפה גולד 500 גר',7290018710173.jpg,60,hadpaami
NEGRO פולי קפה סילבר 500 גר',7290018710166.jpg,60,hadpaami
"ORBITOL מי פה שוקינג פרש 500מ""ל",7290108352085.jpg,22,hadpaami
א- גביע יין - רגל קרם * 6 יח,7290110282790.jpg,12,hadpaami
א- לייט וינטג' צלחת בינונית לבנה * 10,7290110287962.jpg,12,hadpaami
א- לייט וינטג' צלחת גדולה לבנה * 10,7290110287955.jpg,13,hadpaami
א- לייט וינטג' צלחת קטנה לבנה * 10,7290110287979.jpg,8,hadpaami
א-מגש + פס זהב 29.5*40.5-גובה 2.3,7290121245234.jpg,8,hadpaami
אבני פלא גדולות,7290013827029.jpg,25,hadpaami
אבקת אפיה 10 יחי' השף אלפרדו,7290001468616.jpg,3,hadpaami
"אבקת ג'לי בטעם תות-שדה1 ק""ג",7290010172429.jpg,38,hadpaami
אבקת חלב 200 גר',0693493057394.jpg,34,hadpaami
אבקת כוכבים אבן אודם,0693493137652.jpg,26,hadpaami
אבקת כוכבים אבן טורקיז,0693493137669.jpg,26,hadpaami
אבקת כוכבים אבן תכלת,0693493137676.jpg,26,hadpaami
אבקת כוכבים אדום ענבר,7290016973822.jpg,26,hadpaami
אבקת כוכבים ברונזה,7290016973815.jpg,26,hadpaami
אבקת כוכבים ורוד ספיר,7290016973877.jpg,26,hadpaami
אבקת כוכבים זהב ספארקל,7290016973785.jpg,26,hadpaami
אבקת כוכבים זהב קיסר,0693493137614.jpg,26,hadpaami
אבקת כוכבים ירוק אמרלד,7290016973891.jpg,26,hadpaami
אבקת כוכבים כחול אטלנטי,7290016973907.jpg,26,hadpaami
אבקת כוכבים כסף ספארקל,7290016973808.jpg,26,hadpaami
אבקת כוכבים נחושת,7290016973884.jpg,26,hadpaami
אבקת כוכבים סגול אולטרה,7290016973860.jpg,26,hadpaami
אבקת כוכבים פנינה ספארקל,7290016973792.jpg,26,hadpaami
אבקת סוכר 100 גר' השף אלפרדו,7290001468715.jpg,3,hadpaami
אירגונית איחסון 2 מגירות מתכת שחור,7290121391344.jpg,198,hadpaami
אירגונית לתרופות,4062981003483.jpg,15,hadpaami
אירגונית מחולקת אקריל 29,7290121391504.jpg,45,hadpaami
אלבד + רנר לבן זהב/כסף/שחור,7290103156138.jpg,30,birthday
אלבד מוטבע כסף/קרם/לבן/שחור/זהב,7290112482860.jpg,30,hadpaami
"אלכוהול 70% 100 סמ""ק",7290001468890.jpg,8,hadpaami
אמבטיית תינוק סיליקון מתקפל,6956320123018.jpg,75,hadpaami
אנשי אבני פלא קטנים,7290013827067.jpg,27,hadpaami
"אציטון 100 מ""ל",7290010300860.jpg,6,hadpaami
אקרילי דגם סלינה L,7759855536303.jpg,28,hadpaami
אקרילי דגם סלינה M,7759855536297.jpg,22,hadpaami
אקרילי דגם סלינה S,7759855536280.jpg,18,hadpaami
אקרילי דגם סלינה XL,7759855536310.jpg,28,hadpaami
אקרילי דגם פנסי M,7759855538031.jpg,22,hadpaami
אקרילי דגם פנסי S,7759855538048.jpg,18,hadpaami
ארגז אחסון 36 ליטר,7290008449298.jpg,39,hadpaami
אריזת זיקוקים 3X10 יחי',7290004200961.jpg,12,hadpaami
ב- לייט וינטג' צלחת קטנה קרם* 10 יח,7290110288006.jpg,10,hadpaami
בוחשן מקל עץ 1000 בחב',7290118438571.jpg,30,hadpaami
בונבונירה פלסטי על רגל   מכסה,6923538202675.jpg,27,hadpaami
בוסטר 3 ב-1  POWX4255  700A/12000MAH,5400338097256.jpg,380,hadpaami
ביסקוויט תה פריך,7290014803718.jpg,14,hadpaami
בלון מיילר 18 לב מאט יום הולדת שמח נק',7290120662926.jpg,25,birthday
בלון מיילר 19 כוכב טורקיז ורוד יום הולדת,7290122840704.jpg,25,birthday
בלון מיילר 34  זהב ספרה 1,7290108078961.jpg,30,birthday
בלון מיילר 34 ורוד בייבי ספרה 1,7290102007806.jpg,30,birthday
בלון מיילר 34 ורוד בייבי ספרה 3,7290102007820.jpg,30,birthday
בלון מיילר 34 זהב ספרה 7,7290108079081.jpg,30,birthday
בלון מיילר 34 זהב ספרה 9,7290108079128.jpg,30,birthday
בלון מיילר 34 כסף ספרה 1,7290108078954.jpg,30,birthday
בלון מיילר 34 כסף ספרה 4,7290108079012.jpg,30,birthday
"בלון מיילר 34"" ורוד בייבי ספרה 2",7290102007813.jpg,30,birthday
"בלון מיילר 34"" ורוד בייבי ספרה 5",7290102007844.jpg,30,birthday
"בלון מיילר 34"" כחול ספרה 6",7290102007950.jpg,30,birthday
בליסטר  4 סוללות AAAאולטרה אלקליין,7291235661613.jpg,7,hadpaami
בליסטר 5 סוללות AG13 | LR44 סופר אלקליין  DUAL POWER,7291235661514.jpg,18,hadpaami
בליסטר 5 סוללות CR1220 ליתיום  DUAL POWER,7291235661521.jpg,18,hadpaami
בליסטר 5 סוללות CR1616 ליתיום  DUAL POWER,7901469909886.jpg,18,hadpaami
בליסטר 5 סוללות CR2032 ליתיום  DUAL POWER,7291235661583.jpg,18,hadpaami
בליסטר 5 סוללות LR41 / AG3 סופר אלקליין  DUAL POWER,7291000159604.jpg,18,hadpaami
בליסטר א. איבוק אבן אודם,7290016973303.jpg,18,hadpaami
בליסטר א. איבוק אבן טורקיז,7290016892215.jpg,18,hadpaami
בליסטר א. איבוק אבן תכלת,7290016892208.jpg,18,hadpaami
בליסטר א. איבוק אדום ארגמן,7290016892437.jpg,18,hadpaami
בליסטר א. איבוק אדום ענבר,7290016892420.jpg,18,hadpaami
בליסטר א. איבוק אולטרה סגול,7290016891799.jpg,16,hadpaami
בליסטר א. איבוק ברונזה,7290016892390.jpg,18,hadpaami
בליסטר א. איבוק זהב לאסטר,7290016973716.jpg,18,hadpaami
בליסטר א. איבוק זהב ספארקל,7290016892383.jpg,18,hadpaami
בליסטר א. איבוק זהב קיסר,0693493137447.jpg,16,hadpaami
בליסטר א. איבוק כסף לאסטר,7290016973730.jpg,18,hadpaami
בליסטר א. איבוק כסף ספארקל,7290016892376.jpg,18,hadpaami
בליסטר א. איבוק נחושת,7290016892444.jpg,18,hadpaami
בליסטר א. איבוק פנינה לאסטר,7290016973723.jpg,18,hadpaami
בליסטר א. איבוק פנינה ספארקל,7290016892369.jpg,16,hadpaami
בליסטר א. איבוק רוז גולד,7290016892703.jpg,18,hadpaami
בליסטר מסיס מיים ורוד/בזוקה/אדום ענבים,7290016892840.jpg,18,hadpaami
בליסטר מסיס מים אדום אקסטרה,7290016892826.jpg,18,hadpaami
בליסטר מסיס מים אדום עמוק,7290016892833.jpg,18,hadpaami
בליסטר מסיס מים חום,7290016892901.jpg,18,hadpaami
בליסטר מסיס מים ירוק,7290016892888.jpg,16,hadpaami
בליסטר מסיס מים כחול,7290016892871.jpg,16,hadpaami
בליסטר מסיס מים כתום,7290016892864.jpg,18,hadpaami
בליסטר מסיס מים סגול,7290016892895.jpg,18,hadpaami
בליסטר מסיס מים צהוב,7290016892857.jpg,16,hadpaami
בליסטר מסיס מים שחור,7290016892918.jpg,16,hadpaami
בליסטר מסיס שומן אדום,7290016892314.jpg,18,hadpaami
בליסטר מסיס שומן אדום עמוק,7290016892260.jpg,18,hadpaami
בליסטר מסיס שומן אדום ענבים,7290016892277.jpg,18,hadpaami
בליסטר מסיס שומן ירוק,7290016892352.jpg,18,hadpaami
בליסטר מסיס שומן כחול,7290016892321.jpg,16,hadpaami
בליסטר מסיס שומן כתום,7290016892338.jpg,16,hadpaami
בליסטר מסיס שומן סגול חציל,7290016892284.jpg,18,hadpaami
בליסטר מסיס שומן צהוב,7290016892345.jpg,18,hadpaami
בליסטר מסיס שומן שחור,7290016892291.jpg,18,hadpaami
בליסטר סדרת הברק אדום,7290016892192.jpg,16,hadpaami
בליסטר סדרת הנצנוץ אדום ענבר,7290016892086.jpg,16,hadpaami
בליסטר סדרת הנצנוץ ברונזה,7290016892048.jpg,18,hadpaami
בליסטר סדרת הנצנוץ ורוד בייבי,7290016892062.jpg,18,hadpaami
בליסטר סדרת הנצנוץ ורוד שושנה,7290016892079.jpg,18,hadpaami
בליסטר סדרת הנצנוץ זהב,7290016892031.jpg,18,hadpaami
בליסטר סדרת הנצנוץ טורקיז,7290016892147.jpg,18,hadpaami
בליסטר סדרת הנצנוץ ירוק יער,7290016892116.jpg,18,hadpaami
בליסטר סדרת הנצנוץ ירוק עלה,7290016892109.jpg,18,hadpaami
בליסטר סדרת הנצנוץ כחול,7290016892130.jpg,16,hadpaami
בליסטר סדרת הנצנוץ כחול שמים,7290016892123.jpg,18,hadpaami
בליסטר סדרת הנצנוץ כסף,7290016892024.jpg,18,hadpaami
בליסטר סדרת הנצנוץ כתום,7290016892093.jpg,16,hadpaami
בליסטר סדרת הנצנוץ סגול,7290016892178.jpg,18,hadpaami
בליסטר סדרת הנצנוץ פנינה,7290016892017.jpg,18,hadpaami
בליסטר סדרת הנצנוץ צהוב,7290016892055.jpg,16,hadpaami
בליסטר סדרת הנצנוץ שחור,7290016892185.jpg,16,hadpaami
בליסטר צבע מאכל סופר שחור,0693493137454.jpg,16,hadpaami
בן או בת,7290013827531.jpg,36,hadpaami
בסיס פאי עגול מתוק 24 ס'מ,7290013610041.jpg,26,hadpaami
בצק סוכר חד קרן,7290013827371.jpg,35,baking
בצק סוכר פרימיום אדום 250 ג',7290014246683.jpg,14,baking
בצק סוכר פרימיום ורוד 250 ג',7290014246713.jpg,14,baking
בצק סוכר פרימיום ירוק 250 ג',7290014246720.jpg,14,baking
בצק סוכר פרימיום כחול 250 ג',7290014246690.jpg,14,baking
בצק סוכר פרימיום לבן 250ג',7290014246676.jpg,16,baking
בצק סוכר פרימיום לפיסול לבן 250 ג',7290014246799.jpg,14,baking
בצק סוכר פרימיום צהוב 250 ג',7290014246706.jpg,14,baking
בצק סוכר פרימיום שחור 250 ג',7290014246768.jpg,14,baking
"בקבוק לרוטב נפח 360 מ""ל",7290118430926.jpg,7,cleaning
"בקבוק לרוטב נפח 720 מ""ל",7290118430940.jpg,8,cleaning
בקבוק מעוטר,6979878730071.jpg,14,hadpaami
"בקבוק עם פקק פיגורינה 560 מ""ל סטיץ",8412497748600.jpg,45,hadpaami
"בקבוק פלסטי מכסה מתכת 300 מ""ל",6923538216870.jpg,5,hadpaami
בקבוק ריח לתליה,7290004914981.jpg,10,hadpaami
ג'ל + מרכך סופט 2 ליטר,7290108358742.jpg,42,hadpaami
ג'ל כביסה בייבי 3 ליטר,7290013848758.jpg,38,hadpaami
ג'לטין 200 גר',0693493056724.jpg,55,hadpaami
ג'לטין בקופסא השף אלפרדו,7290010300594.jpg,13,hadpaami
ג- זוג כפות הגשה וינטג שקוף,7290110280833.jpg,5,hadpaami
ג- מצקת שקופה למרק,7290110282516.jpg,4,hadpaami
ג- מרית לעוגה - שקוף,7290110282523.jpg,4,birthday
"גביע 150 סמ""ק + מכסה אר' 100 יח'",7290017100722.jpg,30,hadpaami
"גביע 250 סמ""ק 15 יחי + מכסה",7290003679638.jpg,12,hadpaami
גביע אחסון + מכס 500CC א 8,0611108801736.jpg,7,hadpaami
גביע אחסון +מכסה 250CC א-8,0611108801729.jpg,7,hadpaami
גביע דקורטיבי עם בסיס קוטר 15 גובה,7290118632788.jpg,10,hadpaami
גביע זכוכית מעוטר אלגנט אמבר/שקוף,7290100488935.jpg,9,hadpaami
גביע טילון 24 יחי',7290014974562.jpg,12,hadpaami
"גביע טרייפל פלסטי ק20.80 ג16.50ס""מ ר זהב",6923538202743.jpg,22,hadpaami
גביע כדורגל,7290013827562.jpg,35,hadpaami
גביע עלמה אמריקה 24 יחי',7290011249250.jpg,14,hadpaami
גביע פופקורן 85OZ,7290016323122.jpg,3,hadpaami
"גביע פלסטי ק11 ג16 ס""מ רגל זהב",6923538202729.jpg,10,hadpaami
גביע רוטב + מכסה 2OZ,835811002666.jpg,8,hadpaami
גביע רוטב +מכסה 1OZ,835811002659.jpg,8,hadpaami
גבעי אחסון 14 יחי' +מכסה 150 גר',835811000457.jpg,10,hadpaami
גול כדורגל,7290013827739.jpg,35,hadpaami
גומי לאמבטיה STONE,7290121393430.jpg,16,hadpaami
גומי לעיסה טבליות צ'יקלט 250 גר',7290019500704.jpg,12,hadpaami
גומי לעיסה כדורים ג'ולים 180 גר',7290019500698.jpg,12,hadpaami
גומיה לשיער,5.jpg,3,hadpaami
"גיליון עטיפה 70*100 ס""מ",7290118631323.jpg,6,hadpaami
"גלגלת חיתוך בצק ""סבתא"" איכותית",7290618281738.jpg,18,baking
"גליל 100 יח' שקיות זילוף ירוקות 50 ס""מ",6920569083563.jpg,105,hadpaami
גליל אלבד מודפס 25 ס 3 ירד פורים שמח צבעוני,6923538230517.jpg,10,hadpaami
גליל אלבד מודפס 28 ס 3 ירד פורים שמח,6923538230524.jpg,10,hadpaami
גליל דגם רוז לבן-זהב טנדרלי 1.20*25,7290014625617.jpg,30,hadpaami
גליל מגן עבה וגמיש עיגולים 45*90,7290118431374.jpg,10,hadpaami
גליל מטליות אקולוגי 40 יחי',7290010711147.jpg,28,hadpaami
גליל מפה מהודרת מוטבעת 15 מ שמנת,7290018929261.jpg,30,hadpaami
גליל מפה מהודרת מוטבעת 15מ כסף,7290018213155.jpg,30,hadpaami
גליל מפה מובלטת לבן 15 מ' 1.4 ר',7290121243407.jpg,30,hadpaami
גליל נייר תעשיתי,7290003984664.jpg,35,hadpaami
גליל סרט סאטן 10 יארד פורים שמח מסכה,6923538240264.jpg,9,hadpaami
גלילי וופל בטעם אגוז,7290011249755.jpg,4,hadpaami
גלילי וופל בטעם שוקולד,7290011249748.jpg,4,baking
גליליות וופל למילוי 15 יחי,835811000730.jpg,22,hadpaami
גמבו עגול 200 גר',72900020008934.jpg,10,hadpaami
גסטרונום חצי 33-26-65,7759855539151.jpg,50,hadpaami
גסטרונום רבע 26-16--65,7759855539137.jpg,35,hadpaami
גסטרונום שליש 32-17-65,7759855539144.jpg,40,hadpaami
גפרורים ארוכים אר' 45,7290012191053.jpg,6,hadpaami
דבק חבלה שחור,7290118435020.jpg,15,hadpaami
"דבש טבעי בד""צ לחיץ 350 גר'",7290011695477.jpg,24,hadpaami
דבש טבעי יערה/חלת דבש 500 גר',7290012602627.jpg,33,hadpaami
דואופרש יסמין עץ סאנ,7290005425073.jpg,15,hadpaami
דוייפאק 2 ליטר BIO רוז,7290020228147.jpg,37,hadpaami
דויפאק 2 ליטר BIO ארומטי,7290015381642.jpg,37,hadpaami
דויפאק 2 ליטר BIO בייבי,7290020228161.jpg,37,hadpaami
דלי 11 ליטר ידיות ברזל,7290019633440.jpg,10,hadpaami
דלי 12 לי' עם פיה ורוד,7290118437772.jpg,10,hadpaami
דלי מגבונים לניקוי כללי 400 יחי',7290012969027.jpg,25,cleaning
דלי מטליות לחות לריצפה 50 יחי' סופט,7297373000437.jpg,30,hadpaami
דליקטס גדול 5 יחי',7290003411054.jpg,5,hadpaami
דליקטס קטן 10 יחי',7290002007357.jpg,5,hadpaami
ה- זוג כפות הגשה וינטג-לייט ורוד עתיק,7290110288099.jpg,5,hadpaami
ה-קערה עגולה+פס זהב 10*24.5,7290121245227.jpg,7,baking
ו- זוג כפות הגשה וינטג-לייט לבן,7290110288075.jpg,5,hadpaami
ו- לבן וינטג' סכין לייט*10 יח,7290115951370.jpg,4,hadpaami
ו-קערה עגולה +פס זהב 10.5*22,7290121245432.jpg,8,baking
"ו-קערה עגולה+ פס זהב 6*25 ס""מ",729012124537.jpg,10,baking
"ואזה מזכוכית בקבוק 19.5*7.5 ס""מ",7290120163850.jpg,16,hadpaami
וופל קלאסי שוקו 200 גר',7290001419779.jpg,4,hadpaami
וופל קראנץ במילוי קרם בטעם שוקולד,7290001419618.jpg,4,baking
"וזה פלסטי בצורת משורה ק3 ג23 ס""מ",6923538201937.jpg,6,hadpaami
"וזה פלסטיק על רגל ק8.3 ג20.5 ס""מ",6923538230784.jpg,6,hadpaami
"וזה פלסטיק רגל ג29 ק11 ס""מ",6923538201302.jpg,18,hadpaami
וילון האפלה 140/240 אפור,7290109498027.jpg,65,hadpaami
וילון צבעוני עם כרזה פורים שמח כ 2*1,7290121246934.jpg,15,hadpaami
ורדים,7290013827012.jpg,27,hadpaami
ז- לייט וינטג' צלחת בינונית מנטה * 10,7290110287900.jpg,12,hadpaami
ז-לייט וינטג גדול שחור 10 יח',7290110287924.jpg,13,hadpaami
זוג כפות הגשה וינטג' לייט שחור,7290110288129.jpg,4,hadpaami
זוג נרות ספירלה בצבע לבן,7290019792307.jpg,20,birthday
חב 10 יחי' סרט משיכה מנוקד כחול,6923538239466.jpg,6,hadpaami
חב' 10 יחי סרט משיכה מיטאלי כתום,6923538239428.jpg,8,hadpaami
חב' 10 יחי שקית אורג' 10/15 ורוד,6930258177398.jpg,8,cleaning
חב' 10 יחי'  סרט משיכה מנוקד זהב,6923538239473.jpg,6,hadpaami
חב' 10 יחי' סרט משיכה מיטאלי אדום,6923538239251.jpg,6,hadpaami
חב' 10 יחי' סרט משיכה מיטאלי זהב,6923538239268.jpg,6,hadpaami
חב' 10 יחי' סרט משיכה מיטאלי זהב,6923538239350.jpg,8,hadpaami
חב' 10 יחי' סרט משיכה מיטאלי ירוק,6923538239404.jpg,8,hadpaami
חב' 10 יחי' סרט משיכה מיטאלי ירוק,6923538239312.jpg,6,hadpaami
חב' 10 יחי' סרט משיכה מיטאלי כחול,6923538239374.jpg,8,hadpaami
חב' 10 יחי' סרט משיכה מיטאלי כחול,6923538239282.jpg,6,hadpaami
חב' 10 יחי' סרט משיכה מיטאלי כסף,6923538239367.jpg,8,hadpaami
חב' 10 יחי' סרט משיכה מיטאלי כסף,6923538239275.jpg,6,hadpaami
חב' 10 יחי' סרט משיכה מיטאלי כתום,6923538239336.jpg,6,hadpaami
חב' 10 יחי' סרט משיכה מיטאלי לילך,6923538239305.jpg,6,hadpaami
חב' 10 יחי' סרט משיכה מיטאלי סגול,6923538239381.jpg,8,hadpaami
חב' 10 יחי' סרט משיכה מיטאלי סגול,6923538239299.jpg,6,hadpaami
חב' 10 יחי' סרט משיכה מיטאלי פושיה,6923538239411.jpg,8,hadpaami
חב' 10 יחי' סרט משיכה מיטאלי פושיה,6923538239329.jpg,6,hadpaami
חב' 10 יחי' סרט משיכה מנוקד זהב אדום,6923538239435.jpg,6,hadpaami
חב' 10 יחי' סרט משיכה מנוקד זהב לבן,6923538239442.jpg,6,hadpaami
חב' 10 יחי' סרט משיכה מנוקד זהב פושיה,6923538239459.jpg,6,hadpaami
חב' 10 יחי' סרט משיכה מנוקד זהב פושיה,6923538239510.jpg,8,hadpaami
חב' 10 יחי' סרט משיכה מנוקד זהב שחור,6923538239480.jpg,6,hadpaami
חב' 10 יחי' שקית אורב' לבן,6930258177220.jpg,6,cleaning
חב' 10 יחי' שקית אורג',6930258177237.jpg,6,cleaning
חב' 10 יחי' שקית אורג' זהב,6930258177374.jpg,8,cleaning
חב' 10 יחי' שקית אורג' קרם,6930258177350.jpg,8,cleaning
חב' 10 יחי' שקית אורג' תכלת,6930258177282.jpg,6,cleaning
חב' 10 יחי' שקית אורנ' תכלת,6930258177404.jpg,8,cleaning
חב' 10 כוסות נייר פורים שמח מסכה זהב מיטלי,6923538239855.jpg,6,hadpaami
חב' 10 מפיות נייר פורים שמח מסכה זהב,6923538239913.jpg,7,hadpaami
"חב' 10 צלחות נייר 18""פורים שמח מסכה ז מיטאלי",6923538239879.jpg,9,hadpaami
"חב' 10 צלחות נייר 23"" פורים שמח מסכה ז מיטאלי",6923538239893.jpg,11,hadpaami
חב' 10 צלחות נייר בלונים,6923538227524.jpg,10,hadpaami
חב' 10 צלחות נייר בלונים,6923538227531.jpg,9,hadpaami
חב' 10 צלחות נייר יום הולדת,6923538227555.jpg,10,birthday
חב' 10 צלחות נייר יום הולדת,6923538227562.jpg,9,birthday
חב' 10 שקיות אורג' ורוד,6930258177275.jpg,6,hadpaami
חב' 10 שקיות אורג' כסף/אפור,6930258177381.jpg,8,hadpaami
חב' 10 שקיות יוטה טבעי,6928325141434.jpg,17,hadpaami
חב' 10 שקית יוטה טבעי,6928325141410.jpg,10,cleaning
חב' 10 שקית יוטה טבעי,6928325141427.jpg,12,cleaning
חב' 10יחי' שקית אורג' 10/15 לבן,6930258177343.jpg,8,cleaning
חב' 12 מיטריה זהב מיטאלי,6923538223298.jpg,5,hadpaami
חב' 12 מיטריה מיטאלי מיקס צבעים,6923538223281.jpg,5,hadpaami
חב' 12 מיטריה רוזגולד מיטאלי,6923538223304.jpg,5,hadpaami
חב' 16 מפיות נייר צורת כובע ליצן צבעוני זהב,6923538239930.jpg,8,hadpaami
חב' 20 שקיות צלופן משולש כובע זהב,6923538240493.jpg,10,hadpaami
חב' 20 שקיות צלופן משולש מסכה זהב,6923538240486.jpg,10,hadpaami
חב' 24 יחי' סרט כוכב מעורב 3 צבעים,6923538239244.jpg,18,hadpaami
"חב' 25 יחי' שק' צלופן 10/20ס""מ",6923538203658.jpg,3,hadpaami
"חב' 25 שקיות צלופן + דבק 15/20 ס""מ",6923538203887.jpg,5,hadpaami
חב' 25 שקיות צלופן 50*60,6923538203733.jpg,18,hadpaami
חב' 3 כף תבלינים מיני מעץ,6923538217723.jpg,7,hadpaami
חב' 3 שקיות אורג' + ספר תורה 13 לבן/כסף,6928325169759.jpg,16,hadpaami
חב' 3 שקית אורג' + ספר תורה 13 כחול,6928325174562.jpg,16,cleaning
"חב' 4 נר 25 ספירלי ס""מ זהב גילטר",6928325158531.jpg,12,birthday
"חב' 4 נר ספירלי 25 ס""מ כסף גילטר",6928325158548.jpg,12,birthday
חב' 40 יחי' סרט כוכב מעורב 4 צבעים,6923538239237.jpg,18,hadpaami
חב' 40 עטרות קרטון לאפיה פורים שמח,6923538240370.jpg,14,hadpaami
חב' 50 פרחי סבון לבן,6923538234799.jpg,55,cleaning
חב' 50 פרחי סבון סגול,6928325191118.jpg,55,cleaning
חב' 6 נרות טפר מיטאלי אדום,6928325198964.jpg,22,birthday
חב' 6 נרות טפר מיטאלי זהב,6928325198940.jpg,22,birthday
חב' 6 נרות טפר מיטאלי כסף,6928325198957.jpg,22,birthday
חב' שקית צלופן 50*70,6923538203771.jpg,20,cleaning
חבקים 100 יחידות BT2.5x200mm צבע לבן,7803218969991.jpg,10,hadpaami
חבקים 100 יחידות BT2.5x200mm צבע שחור,7803218961988.jpg,10,hadpaami
חבקים 100 יחידות BT3.6x200mm צבע לבן,7901235501603.jpg,10,hadpaami
חבקים 100 יחידות BT3.6x200mm צבע שחור,7901235514986.jpg,10,hadpaami
חבקים 100 יחידות BT3.6x250mm צבע לבן,7803218996850.jpg,10,hadpaami
חבקים 100 יחידות BT3.6x300mm צבע לבן,7901235501887.jpg,10,hadpaami
חבקים 100 יחידות BT3.6x300mm צבע שחור,7901235198742.jpg,10,hadpaami
חבקים 100 יחידות BT3.6x370mm צבע לבן,7901235501665.jpg,10,hadpaami
חבקים 100 יחידות BT3.6x370mm צבע שחור,7901235513965.jpg,10,hadpaami
"חומץ בלסמי 5% 500 מ""ל",7290014803220.jpg,22,hadpaami
"חומץ תפוחים 800 מ""ל בקבוק זכוכית",7290011695958.jpg,14,hadpaami
חומצה אצטית 1 ליטר 5%,7290010300532.jpg,7,hadpaami
חותכן דולפין (ארוז 10),7290019439479.jpg,8,hadpaami
חותכן דינוזאור 2 (ארוז 10),7290019439417.jpg,8,hadpaami
חותכן מכונית (ארוז 10),7290019439455.jpg,8,hadpaami
חותכן סוכריה (ארוז 10),7290019439431.jpg,8,hadpaami
חותכן תו נגינה (ארוז 10),7290019439370.jpg,8,hadpaami
חמאת בוטנים אדום במרקם חלק 510 גר',7290011695712.jpg,15,hadpaami
"חמסה דקורטיבית לתליה 14.5*10 ס""מ",7290120169876.jpg,20,hadpaami
טאג'ין פלסטיק שקוף,6923538205652.jpg,18,hadpaami
טארט אישי עגול מתוק 50 מ'מ,7290013610676.jpg,35,hadpaami
"טארט אישי פרח מתוק 50 מ""מ",7290013610768.jpg,35,hadpaami
"טארט פרימיום מרובע מתוק 45/45 ס""מ",7290013610737.jpg,40,hadpaami
טוסטר לחיצה משולשים 750 W,7290001706657.jpg,95,hadpaami
טופר 7 כדורים לקישוט עוגה כסף,7290618284968.jpg,10,birthday
"טופר לעוגה 5 בלונים 2.2 ס""מ",7290618291508.jpg,12,birthday
"טופר לעוגה סוכריה 5 ס""מ",7290618291515.jpg,14,birthday
"טופר קשת בענן 6.5*9.5 ס""מ",7290618284944.jpg,16,hadpaami
"טופר שחקני כדורגל ג15. ס""מ",729061828500.jpg,11,hadpaami
"טורטיה בסיס לפיצה 27 ס""מ 4 י'ח",7290018517024.jpg,15,hadpaami
טורטילה חטיף ירקות צ'יפס ברביקיו,7290020178275.jpg,10,hadpaami
טורטילה חטיף צ'יפס סלק 60 גר,7290020178282.jpg,10,hadpaami
טיפטופים ורוד,7290014246522.jpg,16,hadpaami
טיפטופים כחול,7290014246508.jpg,16,hadpaami
טיפטופים נסיכות,7290014246584.jpg,16,hadpaami
טיפטופים פנטזיה,7290014246577.jpg,16,hadpaami
טיפטופים צבעוני,7290000483412.jpg,16,hadpaami
טיפי לבן,7290014246560.jpg,16,hadpaami
"טלק ריחני 200 גרם סמ""ק",7290010300334.jpg,15,hadpaami
טמפורה אבקה להכנה 500 גר',7290102844265.jpg,14,hadpaami
"י-מגש עגול קוטר 41 ס""מ גובה 3 סמ",7290121245296.jpg,12,hadpaami
יא- וינטג' מגש אובלי עמוק  נצנצים כסף,7290003586622.jpg,8,hadpaami
יא- לייט וינטג' צלחת בינונית נצנצים,7290110287849.jpg,12,hadpaami
יום הולדת מתנה,7290013827654.jpg,35,birthday
כ- זוג כפות הגשה וינטג נצנצים כסף,7290110286101.jpg,5,hadpaami
כ- נצנצים כסף וינטג' כף *10 יח,7290110286064.jpg,4,hadpaami
כביכל 2 ליטר אלגנט BIO,7290020228420.jpg,40,hadpaami
כביסכל 2 ליטר ספא BIO,7290015381994.jpg,40,hadpaami
כביסכל 2 ליטר ספורט BIO,7290020228451.jpg,48,hadpaami
כביסכל 2 ליטר פרידום BIO,7290020228048.jpg,40,hadpaami
"כד מדידה 500 מ""ל",7290115737707.jpg,8,hadpaami
כד מדידת נוזלים,7290010799183.jpg,10,hadpaami
כדורי שוקולד אבקה להכנה 500 גר',7290002654681.jpg,20,baking
כוורת עץ 4 תאים שחור,7290116785011.jpg,155,hadpaami
כוננית עץ 3 מדפים בצבע לבן משולש,7290100480151.jpg,90,hadpaami
כוס 10 OZ עגולה שקופה 20 יחי',7290019858157.jpg,12,hadpaami
"כוס בירה 330 מ""ל 40 יחי'",7290104859779.jpg,6,hadpaami
כוס ויסקי שקוף אר' 12,7290013655387.jpg,10,hadpaami
כוס מדוגם 50 יחי' לבן/סגול/כסף/קרם/זהב,7290112481900.jpg,10,hadpaami
כוס מרובעת 10OZ 20 יח,835811009795.jpg,12,hadpaami
כוס מרוקאית 300 CC אר' 40 יחי,7290018542361.jpg,8,hadpaami
כוס נייר חם 10OZ,7290014731066.jpg,8,hadpaami
כוס נייר חם 12OZ,7290014731073.jpg,10,hadpaami
כוס פירות שקוף 20 יחי' 9OZ,7290015922760.jpg,12,hadpaami
כוס פלסטיק עם קשית הלו קיטי קשת,7290121800112.jpg,7,hadpaami
כוס פלסטיק עם קשית מיני צבעי הקשת,7290121800167.jpg,7,hadpaami
כוס פלסטיק עם קשית מפרץ הרפתקאות,7290121800068.jpg,7,hadpaami
כוס פלסטיק עם קשית סטיץ פסטלי,7290121800563.jpg,7,hadpaami
כוס פלסטיק עם קשית סמי הכבאי,7290121800310.jpg,7,hadpaami
"כוס פרימיום 300 סמ""ק 20 יחי נצנץ כסף",835811002000.jpg,12,hadpaami
כוס שוט 2 OZ 30 יח,7290015922753.jpg,15,hadpaami
כוס שמפניה מהודר 12 יחי',835811009313.jpg,12,hadpaami
כוס שקופה נצנץ זהב 10OZ 18 יח,7290019858164.jpg,12,hadpaami
כוס שתיה 180 CC שקוף,7290005230806.jpg,5,hadpaami
כוס שתיה חמה 8B בראבו,7290013262936.jpg,4,hadpaami
כוס שתיה עם קשית ופונפונים ודמות סטיץ,7290121806626.jpg,28,hadpaami
כוסות חלאקה 10 יחי',7290012241328.jpg,9,hadpaami
כוסות יהלום אר' 40,7290111667480.jpg,8,hadpaami
כוסות יין 50 יחי',7290002007623.jpg,3,hadpaami
כוסות לחים מרובע 24 יחי',835811009696.jpg,5,hadpaami
"כוסות ליקר כ 30 סמ""ק 50 יח'",5876931241271.jpg,6,hadpaami
כוסות לשתייה חמה 4OZ,7290002128328.jpg,5,hadpaami
כוסות מיני מיקס צבעים,7290016212440.jpg,4,hadpaami
"כוסות נייר 200 מ""ל 8 יחי' סטיץ",5201184967959.jpg,9,hadpaami
כוסות נייר בת מצווה 12 ורוד +רוז גולד,7290115953046.jpg,8,hadpaami
כוסות קרטון  50 יחי' 10 OZ,835811008996.jpg,10,hadpaami
"כוסות שתיה קרה/בירה 40 יחי' 330 מ""ל",693493235679.jpg,6,hadpaami
כוסיות לנרונים בלי רגל,044164298477.jpg,3,hadpaami
כוסיות לנרונים עם רגל,044164299856.jpg,4,hadpaami
כיף לגבר אצות ים 3 ב-,7290108353266.jpg,13,hadpaami
כיף שמפו ומרכך 700,7290108353259.jpg,13,hadpaami
כלי פלסטיק בצורת מנורה,6928325168271.jpg,10,hadpaami
כף אשפה עומד מתקפל ניאון,7102545381101.jpg,15,hadpaami
"כף גלידה 5 ס""מ",2990618295173.jpg,21,hadpaami
כף וינטג' לייט מנטה 10 יחי',7290115951349.jpg,4,hadpaami
כף וינטג' שחור לייט 10 יחי',7290115951141.jpg,4,hadpaami
כף זהב 10 יחי' כתר,7290112487292.jpg,7,hadpaami
כף כסף 10 יח' כתר,7290112487346.jpg,6,hadpaami
כף לבן PP איכותי 100 יחי',7290004255862.jpg,5,hadpaami
כף נצנץ זהב 10 יחי',7290112487445.jpg,7,hadpaami
כף נצנץ כסף 10 יח',7290112487391.jpg,6,hadpaami
כפות הגשה שחור,7290116787091.jpg,12,hadpaami
כפות הגשה שקוף 10 יחי הנמל,835811003106.jpg,10,hadpaami
כפות מדיות 50 יחי' שקוף,835811004547.jpg,5,hadpaami
כפיות 100 יחי' לקפה תה,835811001522.jpg,5,hadpaami
כפיות 50 יחי' קרם עבה במיוחד,835811000419.jpg,9,hadpaami
כפיות 50 יחי' שקוף עבה במיוחד,835811008958.jpg,9,hadpaami
כפית וינטג' שחור לייט 10 יחי',7290115951158.jpg,4,hadpaami
כפית זהב 10 יח' כתר,7290112487308.jpg,6,hadpaami
כפית כסף 10 יח' כתר,7290112487353.jpg,5,hadpaami
כפית נצנץ אלגנט כסף,7290019626688.jpg,7,hadpaami
כפית נצנץ זהב 10 יחי',7290112487452.jpg,6,hadpaami
כפית נצנץ כסף 10 יח',7290112487407.jpg,5,hadpaami
כפפות L ניטירל שחורות 100 יחי',835811004486.jpg,16,hadpaami
כפפות M ניטריל שחורות 100 יח',835811004479.jpg,16,hadpaami
כפפות ניטריל XL שחורות,835811004493.jpg,16,hadpaami
כריות יפניות שישיה,7290017870830.jpg,7,hadpaami
כרית חלומית 4 יחי',7290108359374.jpg,15,hadpaami
כרית ממורי 40X60,7290121392518.jpg,85,hadpaami
כתר מלך,7290013827791.jpg,35,hadpaami
כתר נסיכה,7290013827401.jpg,35,hadpaami
ל- זוג כפות הגשה וינטג-לייט קרם,7290110288068.jpg,5,hadpaami
לוח חיתוך 41/31,7290019633020.jpg,22,hadpaami
לוחץ פסים 4 פרוסות 1400W,7290112545695.jpg,130,hadpaami
לוחץ פסים 750W,7290001706640.jpg,95,hadpaami
לייט וינטג' צ גדולה שקוף 10 יחי',7290003586141.jpg,8,hadpaami
ליפה אמבט,7291988050955.jpg,10,hadpaami
ללא סוכר 100% מעדן 4 פירות 284 גר',7290020178121.jpg,15,hadpaami
ללא סוכר 100% מעדן דובדבן 284 גר',7290020178084.jpg,15,hadpaami
ללא סוכר 100% מעדן מישמש 284 גר',7290020178077.jpg,15,hadpaami
ללא סוכר 100% מעדן תות שדה,7290020178091.jpg,15,hadpaami
לפתן עגול שקוף 20 יחי',7290003679409.jpg,6,hadpaami
לפתניה וינטג' זהב נצנצים 10 יחי',7290003586493.jpg,8,hadpaami
לפתניה לבן פנינה זהב,7290019626527.jpg,9,hadpaami
לפתניה שקופה מרובעת אר' 100 יחי',7290015922364.jpg,30,hadpaami
"לקקן סיליקון משולב 21 ס""מ",7290019439035.jpg,8,hadpaami
מ- זוג כפות הגשה וינטג-לייט מנטה,7290110288082.jpg,5,hadpaami
מאג אפרופו 250,6951097102099.jpg,9,hadpaami
מאג לונדון 365 BLINK,6951097101030.jpg,5,hadpaami
מאפינס צבעוני 200 יחי מס' 3,835811002239.jpg,10,hadpaami
מאפינס צבעוני 200 יחי' מס' 2,835811002246.jpg,9,hadpaami
מאפינס צבעוני 200 יחי' מס' 4,835811002215.jpg,12,hadpaami
מארז עגול יוקרתי אקרילי + מכסה ידיות,7290119967490.jpg,30,hadpaami
מארז עגול יוקרתי אקרילי עם מכסה+ידיות,7290119967506.jpg,26,hadpaami
"מברשת סיליקון 20 ס""מ",7290018884393.jpg,8,acb
"מברשת סיליקון 26 ס""מ",7290019439011.jpg,10,acb
מברשת שיניים מעוצבת לילדים,7290011695873.jpg,4,acb
מברשת שיער מפואר דגם אמה,7102545381477.jpg,9,acb
מבשם בדים יוקרתי 250מל,7290004914974.jpg,15,hadpaami
"מגב המילניום המקורי 50 ס""מ",7290118431466.jpg,11,hadpaami
"מגב מילניום 60 ס""מ",7290004829247.jpg,13,hadpaami
"מגב קלינג CLING עם תופסן 40 ס""מ",7290017682617.jpg,10,hadpaami
"מגב שיש צבעוני 23 ס""מ",7290118435495.jpg,4,hadpaami
מגבונים אנטי קאלק,7290012823374.jpg,10,hadpaami
מגבונים נשטפים באסלה 3 במארז,7290019039501.jpg,12,hadpaami
מגבת מטבח/סינר 2 ב 1,7290019673682.jpg,22,baking
מגבת צץ רץ 4000 יוניק,0601570783036.jpg,55,hadpaami
מגן כיריים,7290002008835.jpg,6,hadpaami
מגן מזרן 180X200,7290121392471.jpg,55,hadpaami
מגן קריסטל 2 ליטר,7290000292694.jpg,42,hadpaami
מגש אובלי וינטג' עמוק נצנצים זהב 3 יחי',7290003586516.jpg,7,hadpaami
מגש אובלי עמוק ריינבו לבן אר' 10,7290018509340.jpg,8,hadpaami
מגש אובלי עמוק ריינבו קרם אר' 10,7290018509357.jpg,8,hadpaami
מגש אובלי עמוק שקוף,7290019039143.jpg,8,hadpaami
מגש אקרילי מפואר מלבני עם ידיות זהב,7290119961573.jpg,25,hadpaami
מגש אקרילי מפואר מלבני קטן ידיות זהב,7290119961566.jpg,20,hadpaami
מגש במבו מלבן חום 26X18,7290011101237.jpg,15,hadpaami
מגש במבו מלבן חום 30X23,7290011101220.jpg,16,hadpaami
מגש במבו מלבן חום גודל 35X26,7290011101213.jpg,18,hadpaami
מגש דקורטיבי מרובע שקוף כסף + מכסה,7290119969296.jpg,22,hadpaami
מגש וילו אובל לבן 2 ידיות עץ L,7290011101350.jpg,30,hadpaami
מגש וילו אובל לבן 2 ידיות עץ M,7290011101244.jpg,25,hadpaami
מגש וינטג' אובלי גדול נצנצים זהב 3 יחי',7290003586509.jpg,8,hadpaami
מגש וינטג' אובלי עמוק לבן 3 יחי',7290115956993.jpg,7,hadpaami
"מגש כוכב 36 ס""מ",835811002086.jpg,12,hadpaami
מגש מדורג מלבני 9/13,7290013757548.jpg,6,hadpaami
מגש מדורג מרובע 12X12,7290013757362.jpg,9,hadpaami
מגש מדורג מרובע 12X12 יחי' 1,7290013757562.jpg,8,hadpaami
מגש מלבן מעוצב גדול,7290015731935.jpg,80,hadpaami
מגש מלבן מעוצב קטן,7290015731928.jpg,40,hadpaami
מגש מלבן שתי וערב לבן 33X25,7290017674384.jpg,20,hadpaami
מגש מלבן שתי וערב לבן 35X28,7290017674391.jpg,25,hadpaami
מגש מלבן שתי וערב לבן 38X31,7290017674407.jpg,30,hadpaami
מגש סיגרס מלבן לבן +בד לבן S,7290018813775.jpg,25,hadpaami
מגש סיגרס פלוס בד בינוני,7290018813782.jpg,35,hadpaami
"מגש עגול 16"" שקוף",7290013757067.jpg,10,hadpaami
מגש פלסטי מלבני שקוף + מכסה,6923538205645.jpg,20,hadpaami
מגש פלסטי שקוף על רגל + מכסה,6923538205638.jpg,45,hadpaami
מגש פלסטיק אובלי פס זהב,6923538204648.jpg,16,hadpaami
מגש פלסטיק מלבני פס זהב,6923538204495.jpg,12,hadpaami
מגש קרטון מודבק +  גב פורים שמח כובע,6923538240219.jpg,4,hadpaami
מגש קרטון מודבק + גב פורים שמח כובע,6923538240233.jpg,7,hadpaami
מגש קרטון מודבק פורים שמח כובע,6923538240172.jpg,6,hadpaami
מגש קרטון מודבק פורים שמח כובע,6923538240196.jpg,3,hadpaami
מגש קריסטלי שקוף פרח,7290005988943.jpg,5,hadpaami
"מגשי קרטון עגולים בצבע זהב 27 ס""מ אר' 4",7290118438441.jpg,10,hadpaami
מגשי קרטון עגולים בצבע זהב כ24 ס,7290118438434.jpg,8,hadpaami
מד טמפ' דיגיטלי,729061828906.jpg,42,hadpaami
מד טמפ' דיגיטלי,7290618284906.jpg,42,hadpaami
מדבקות סימון תבלנים למטבח,7291988041861.jpg,7,baking
מדבקת טפט לקיר 70X70 WHITE,7290121392549.jpg,8,hadpaami
מדליק פחמימים ראש גפרור,7290011242114.jpg,7,cleaning
מוט וילון קריסטל 130-240 שחור,7290116781846.jpg,75,hadpaami
מזווה 3 קומות מלבן מתקפל שחור,7290019792499.jpg,75,hadpaami
מזלג PP איכותי לבן אר' 100,7290004255664.jpg,5,hadpaami
מזלג כסף 10 יחי' כתר,7290112487360.jpg,6,hadpaami
מזלג נצנץ אלגנט כסף,7290019626169.jpg,8,hadpaami
מזלג נצנץ זהב 10 יחי',7290112487469.jpg,7,hadpaami
מזלג נצנץ כסף 10 יחי',7290112487414.jpg,6,hadpaami
מזלג נצנץ קטן כסף 10 יח',7290112487421.jpg,5,hadpaami
מזלג קטן זהב 10 יח',7290112487322.jpg,6,hadpaami
מזלג קטן כסף 10 יח',7290112487377.jpg,5,hadpaami
מזלג קטן נצנץ זהב 10 יחי',7290112487476.jpg,6,hadpaami
מזלג רנסנס נצנץ זהב/לבן,7290112480767.jpg,4,hadpaami
מזלג רנסנס שקוף 10,7290112480804.jpg,4,hadpaami
מזלגות מידיום 50 יחי' קרם,835811004651.jpg,4,hadpaami
מזרה שוקולד לקישוט עוגה 190 גר' גדול,7290018517017.jpg,15,baking
"מחבת אינדוקציה 24 ס""מ נון סטיק",7290118572497.jpg,45,baking
"מחבת מולטי מונטנה 16 ס""מ צבעוני",7759855540164.jpg,28,baking
"מחזיק סכו""ם מדורג פלסטיק",7290019633228.jpg,12,hadpaami
מחית וניל טהורה 100 גר' פרווה,0693493056717.jpg,55,hadpaami
מחית וניל טהורה פרווה 100 גר',0693493057080.jpg,55,hadpaami
מחית נוגט 500 גר' פרווה,0693493056526.jpg,41,hadpaami
מחית פיסטוק 100 גר' פרווה,0693493057028.jpg,35,hadpaami
מחצלת יבוש כלים,7290019673699.jpg,22,hadpaami
מחצלת עץ לגלגול סושי,7290111664977.jpg,4,hadpaami
מטאטא ג'וליה פלסטיק,7290118430674.jpg,6,cleaning
מטאטא גומי SHINY,7290010711727.jpg,25,cleaning
מטחנת פלפל/מלח,72901167883888.jpg,45,hadpaami
מטליות מיקרופייבר לניקוי ארוז חמישייה,7290020476012.jpg,6,cleaning
מטליות רצפז בייבי,7290122150018.jpg,15,hadpaami
מטריה ארוכה PRED00011,5400338127908.jpg,40,hadpaami
"מטרפה מקצועית מחוזקת 25 ס""מ",7290618291638.jpg,16,hadpaami
מטרפה נירוסטה ידית מעץ,7290103265724.jpg,15,hadpaami
"מיחם נסתר 30 כוסות זק""ש נירוסטה",7290013025944.jpg,180,hadpaami
מייבש כלים אלומיניום DELUXE שחור,7290116783024.jpg,165,hadpaami
מייבש כלים גדול,7290019633013.jpg,22,hadpaami
מיכל 1 ליטר נטורל,9010.jpg,1.3,hadpaami
מיכל 1.5 ליטר מלבנית,8996.jpg,13,hadpaami
מיכל 2 ליטר מלבני,9020.jpg,13,hadpaami
מיכל איחסון 120 ליטר,7290008449366.jpg,80,hadpaami
מיכל אקרילי לאחסון עם מכסה + ידית,7290118434146.jpg,30,hadpaami
מיכל אקרילי לאחסון עם מכסה 16*20 5*31,7290118434139.jpg,45,hadpaami
מיכל אקרילי לאחסון עם מכסה 7*15 5*31,7290118434108.jpg,45,hadpaami
מיכל גז מציתים לברנר,8699621150502.jpg,10,birthday
מילוי קינמון 500 גר',0693493057318.jpg,25,hadpaami
מיני ברנר צבעוני כולל גז,4251039439712.jpg,22,birthday
מיני מזלג שקוף 50 יח',7290012027741.jpg,5,hadpaami
"מיץ לימון 200 מ""ל",7290001468319.jpg,9,hadpaami
מיקס לבבות,7290013827166.jpg,25,hadpaami
מכסה אלומ' 8B בינוני 100 יחי,7290006560919.jpg,0.2,hadpaami
מכסה לכוס 8-10 OZ ארוז 50 יחי',835811008972.jpg,7,hadpaami
מכסה לכוס נייר 8/10 OZ,7290015828185.jpg,7,hadpaami
מכסה למיכל 1-2 ליטר שקוף,9008.jpg,0.5,hadpaami
"מכסה לקערת שף 12""",7290016480221.jpg,5,hadpaami
"מכסה לקערת שף 9.5""",7290016480214.jpg,3,hadpaami
מכסה מיקרוגל  26 קטן,7290019633921.jpg,10,hadpaami
מכסה תבנית 15/15,7290016622355.jpg,9,baking
מכסים לכוס נייר 8/10 OZ,7290016322460.jpg,70,hadpaami
מכסים לתבנית אלומיניום 105 אר' 25,7290118432456.jpg,10,baking
מכסים לתבנית אלומניום אר' 20,7290017870472.jpg,6,baking
מלאבי אבקה להכנה 112 גר' קטן,7290008482486.jpg,11,hadpaami
מלחיה אקרילי,7291988059002.jpg,8,hadpaami
מלית אוכמניות 500 גר',0693493065917.jpg,30,hadpaami
מלית פירות יער 500 גר',0693493066150.jpg,28,hadpaami
מלית פרג 500 גר',0693493065993.jpg,28,hadpaami
"מלקחיים נירוסטה משולב סיליקון עמיד בחום 28 ס""מ",729061828491.jpg,22,hadpaami
מלקחיים נירסטה משולב סיליקון עמיד בחום,7290618284913.jpg,22,hadpaami
ממר דובאי חלבי 500 גר,0731851567708.jpg,59,hadpaami
ממרח דובאי חלבי 500 גר',0731851587708.jpg,48,hadpaami
ממרח דובאי פרווה 500 גר',0731851587715.jpg,45,hadpaami
ממרח חלווה פיסטוק פרווה 350 גר',0731851588361.jpg,25,hadpaami
ממרח חלווה שוקולד פרווה 350 גר',0731851588385.jpg,20,baking
ממרח פרלינה גולד פרווה 300 גר',0731851588408.jpg,34,hadpaami
ממרח רוגלך חלבי 500 גר',0731851587722.jpg,38,hadpaami
ממרח תמרים 450 גר',7290001670507.jpg,8,hadpaami
ממרח תמרים ווקום 100% טבעי 500 גר',7290019500209.jpg,14,hadpaami
מנג'ט לבן מס' 4 100 יחי',7290003679232.jpg,10,hadpaami
מנג'ט מרובע ע חום מס' 3 100 יחי',7290013757753.jpg,11,hadpaami
מנגל חד פעמי,7290001670651.jpg,25,hadpaami
מנגל פח ענק 30X80 + רשת מתקפל,7290118434634.jpg,80,cleaning
מנורת שולחן USB צבעים,6218946515166.jpg,30,hadpaami
מנורת שולחן אהיל,7290122530162.jpg,35,hadpaami
מסחטת מיץ קליק,7290019633310.jpg,6,hadpaami
מסננת אלומיניום חדשנית + פיה,7290122560473.jpg,24,hadpaami
מסננת לכיור אמרקאי,7291988011260.jpg,8,hadpaami
מסננת פסטה פלסטיק עם ידיות,7290019633099.jpg,8,hadpaami
"מסננת רשת 20 ס""מ דגם מרגלית",7290100481547.jpg,25,hadpaami
"מסננת רשת 24 ס""מ דגם מרגלית",7290100481554.jpg,32,hadpaami
מעמד אקרילי לאיפור חצי עיגול,7102545381491.jpg,32,hadpaami
מעמד אקרילי לאיפור מברשות,7102545381507.jpg,30,hadpaami
מעמד ארגונית לנעליים שחור 6 מדפים,7290120041776.jpg,30,hadpaami
מעמד לחימום,7290121391580.jpg,22,hadpaami
מעמד לנייר סופג שחור/לבן/כסף,7290100487303.jpg,28,hadpaami
מעמד נירוסטה מסתובב לעוגה בסיס ורוד/לבן,7290018884096.jpg,170,birthday
מערוך נירוסטה,7290105667489.jpg,16,hadpaami
"מערוך סיליקון לילדים 4*22 ס""מ",7290618281868.jpg,15,hadpaami
"מערוך עץ 45 ס""מ",7290118578734.jpg,26,hadpaami
מערוך עץ בשילוב סיליקון,7290120165649.jpg,16,hadpaami
"מפה  טנדרלי לבן-שחור 137 *274ס""מ",7290012450709.jpg,10,hadpaami
"מפה מובלטת כסף    274*137 ס""מ",7290115953527.jpg,10,hadpaami
"מפה מובלטת לבנה  274*137 ס""מ",7290013979735.jpg,10,hadpaami
"מפה מובלטת מנטה  274*137 ס""מ",7290110285654.jpg,10,hadpaami
"מפה מובלטת קרם  274*137 ס""מ",7290115953510.jpg,10,hadpaami
"מפה מובלטת שחור  274*137 ס""מ",7290110285647.jpg,10,hadpaami
מפה נילון בגליל 45 מ' עבה במיוחד,835811004226.jpg,32,hadpaami
"מפה עגולה לבנה לשולחן 210 ס""מ",7290013979742.jpg,10,hadpaami
"מפה עגולה קרם 210 ס""מ",7290115953497.jpg,12,hadpaami
מפה שולחן בגליל ירוק אל בד,7290118432487.jpg,30,hadpaami
מפות אל-בד 2 יחי' לבן/קרם,7290120320680.jpg,10,hadpaami
"מפיות אירוח 33X33 ס""מ אר' 100 יחי'",7290001670385.jpg,6,hadpaami
"מפיות נייר 23 ס""מ 8 יחי' מפרץ ההרפתקאות",7290120663466.jpg,12,hadpaami
מפיות נייר צורני 16 יחי' בר מצווה 13,7290117824474.jpg,8,hadpaami
מפיות קוקטייל 24/24,3838952023078.jpg,3,hadpaami
מפיות תחרה 16 עגול אר' 40,7290111660795.jpg,6,hadpaami
מפיות תחרה 17X34 מלבן ארוז 16,7290111660863.jpg,7,hadpaami
מפיות תחרה 32 עגול אר' 12,7290111660849.jpg,7,hadpaami
מפיץ ריח ce la vie,7290004914691.jpg,14,hadpaami
מפיץ ריח לילות לבנים,7290004914479.jpg,11,hadpaami
מפיץ ריח לרכב,7290004914219.jpg,15,hadpaami
מפית 33*33 16 יחי',7290121245845.jpg,7,hadpaami
מפית בת מצווה 12 רוז גולד 12 יחי,7290115953039.jpg,8,hadpaami
מפית זהב 33*33 16 יחי',7290121240741.jpg,7,hadpaami
מפית חלאקה צבעוני + זהב,7290121241335.jpg,9,hadpaami
מפית יום הולדת שמח 16 יחי',7290118638049.jpg,8,hadpaami
מפית יום הולדת שמח צבעוני + זהב,7290121240765.jpg,9,hadpaami
"מפית כסף 33*33 ס""מ 16 יחי'",7290121240758.jpg,7,hadpaami
מפית מזל טוב לבן-זהב 33*33,7290115950106.jpg,8,hadpaami
מפצח אגוזים ברזל,6990288370077.jpg,22,hadpaami
מפת  שולחן בגליל כתום אל בד,7290119965106.jpg,30,hadpaami
מפת אל בד 20 מ' בצבע לבן,7290019168317.jpg,30,hadpaami
מפת אל בד חתוך 11/18 לבן,7290013542991.jpg,4,hadpaami
מפת אל בד חתוך 11/18 שחור,7290018542347.jpg,4,hadpaami
מפת ראנר בגליל + סכין חיתוך זהב לבן,7290111664281.jpg,30,birthday
מפת ראנר בגליל + סכין חיתוך כסף לבן,7290111664304.jpg,30,birthday
מפת רנר דגם רוז לבן -זהב 137*274,7290014625587.jpg,10,birthday
מפת שולחן 120X180 סטיץ,5201184969113.jpg,18,hadpaami
מפת שולחן 145X240,7290121392259.jpg,55,hadpaami
מפת שולחן C ורוד 137X274,7290120090064.jpg,10,hadpaami
מפת שולחן C לבן 137X274,7290120090019.jpg,10,hadpaami
מפת שולחן C תכלת 137X274,7290120090118.jpg,8,hadpaami
מפת שולחן בגליל אדום אל - בד,7290119965151.jpg,30,hadpaami
מפת שולחן בגליל זהב אל-בד,7290119965168.jpg,30,hadpaami
מפת שולחן בגליל כחול אל בד,7290118432494.jpg,30,hadpaami
מפת שולחן בגליל לילך אל בד,7290119965113.jpg,30,hadpaami
מפת שולחן בגליל שחור אל בד,7290118432517.jpg,30,hadpaami
מפת שולחן בגליל תכלת אל בד,7290118432548.jpg,30,hadpaami
מפת שולחן חרדל C 137X274,7290120099852.jpg,10,hadpaami
מפת שולחן טורקיז אל-בד,7290118432555.jpg,30,hadpaami
מפת שולחן מעוצבת 20 מ' רנר  לבן/כסף,7290013542625.jpg,30,birthday
מפת שולחן ספיידרמן,7290120663213.jpg,20,hadpaami
מפת שולחן ראנר זהב אלבד בקרטון 10 מ',7290122051520.jpg,20,birthday
מפת שולחן ראנר כסף אלבד בקרטון 10 מ',7290122051513.jpg,20,birthday
מצעים יחיד LOVE,7290121394185.jpg,60,hadpaami
מצעים מיטה וחצי STARS,7290121394116.jpg,75,hadpaami
מצעים קינג ARCH,7290121394178.jpg,90,hadpaami
מצת לגז צבעוני,6102017501939.jpg,8,hadpaami
מקל אלומיניום מצופה אדום הברגה,7290019673439.jpg,7,hadpaami
מקל מתכת 1.5 מ' אדום,7290115736384.jpg,7,hadpaami
מקל מתכת 1.5 מטר כחול,7290115736377.jpg,7,hadpaami
מקל עץ 1.5 מ' ברזיל,7290122561128.jpg,7,hadpaami
מקרון ורוד,7290013610867.jpg,28,hadpaami
מקרון כחול,7290013610911.jpg,28,hadpaami
מקרון לבן,7290013610935.jpg,28,hadpaami
"מראה אובלית 80*50 ס""מ מסגרת אלומיניום",7280122530391.jpg,100,hadpaami
"מראה עגולה מסגרת אלומיניום 50 ס""מ",7290120168121.jpg,95,hadpaami
"מראה עגולה מסגרת אלומיניום 60 ס""מ",7290120168138.jpg,130,hadpaami
מרכז שולחן כובע -גליטר קאפה,6923538240073.jpg,14,hadpaami
מרכז שולחן לבר מצווה 13 זהב,6923538215293.jpg,10,hadpaami
מרכז שולחן לבר מצווה 13 כסף,6923538215309.jpg,10,hadpaami
מרכז שולחן לבר מצווה כחול,6923538215316.jpg,10,hadpaami
מרכז שולחן לבת מצווה 12 רוזגולד,6923538215286.jpg,10,hadpaami
מרכז שולחן מסכה גליטר קאפה,6923538240066.jpg,14,hadpaami
מרכך מרוכז ביו 1 ליטר,7290013268990.jpg,20,hadpaami
מרכך מרוכז ש. שועל ביי,7290108355994.jpg,20,hadpaami
מרקיה 16 OZ אר' 8 ורוד/לבן/שקוףשחור,7290019673491.jpg,10,hadpaami
מרקיה דגם פטל קרם ופס זהב 10 יחי',7290121244107.jpg,10,hadpaami
מרקיה נצנץ פנינה זהב שקוף,7290019626534.jpg,10,hadpaami
מרקיה סוהו קרם 10 יחידות,7290110289171.jpg,16,hadpaami
מרקיה ספיר פס זהב 10 יחי',7290120320420.jpg,11,hadpaami
מרקיה שוהם ורוד עם כסף אר' 10,7290119969623.jpg,13,hadpaami
מרקיה שוהם כחול שמיים פס כסף אר'10,7290122562132.jpg,13,hadpaami
מרקיה שקופה 25 יח,7290012975080.jpg,12,hadpaami
מרקיות ספיר רקע פנינה 10 יח',7290120320895.jpg,12,hadpaami
משאבה מסיר לק ריחני גדול,7290016667271.jpg,14,baking
משטח מסיליקון ומעמד מתכת לייבוש כלים,7290120166462.jpg,40,hadpaami
משטח מקרונים 30*42,7290618289000.jpg,52,hadpaami
משטח סיליקון 40*50,7290618292154.jpg,30,hadpaami
משטח סיליקון ענק 70*70,7290618288881.jpg,62,hadpaami
משפר אפיה לחלות ולחמניות 200 גר',0693493066242.jpg,30,hadpaami
"משקל אדם עד 150 ק""ג",7290107054287.jpg,60,hadpaami
משקפי קריאה מגן אור כחול,7290107342063.jpg,20,hadpaami
מתלה כביסה טלסקופי איכותי נ ל2 מ שחור,9007711025232.jpg,240,hadpaami
מתלה כביסה טלסקופי איכותי נפתח 2 מ זהב,9007741026055.jpg,240,hadpaami
מתלה כביסה טלסקופי איכותי צבע אבן,9007741026062.jpg,240,hadpaami
מתלה רב תכליתי,7290018929797.jpg,23,hadpaami
מתקן 3 קומות מקרטון לקונוסים,6923538225841.jpg,20,hadpaami
מתקן למפיות עם תופסן,7290122560640.jpg,16,hadpaami
מתקן נייר טישו אקרילי,7102545381262.jpg,44,hadpaami
מתקן נייר טישו אקריליק,710254381262.jpg,38,hadpaami
מתקן קורנפלקס 3.5,7290116789439.jpg,55,hadpaami
נ- שקוף וינטג' סכין *10 יח,7290110280109.jpg,4,hadpaami
"נאמן דבש 100% טבעי בד""צ 1 ק""ג",7290011695781.jpg,43,hadpaami
"נאמן דבש 100% טבעי בד""צ 350גר'",7290010300457.jpg,20,hadpaami
"נוזל קוקוס פחית 400 מ""ל ( סגול )",7290019500995.jpg,8,cleaning
נוזל רצפות 2 ליטר רוז,7290020228673.jpg,32,hadpaami
נוזל רצפות 2 ליטר רויאל,7290020228758.jpg,32,hadpaami
נורת כדור לד 12W,7291235620009.jpg,8,hadpaami
נורת לד פחם 2700K A60 8.5W צ זהב,7291000199914.jpg,16,cleaning
נורת לד פחם 8.5W A60 2200K צבע זהב,7291000129959.jpg,16,cleaning
נטיפי צ'יפס בטעם שוקולד 250 גר',835811005667.jpg,11,baking
נטלה אקריליק ידיות זהב,7290119967643.jpg,50,hadpaami
נטלה אקריליק ידיות כסף,7290119967650.jpg,50,hadpaami
נטלה אקריליק ידיות שחורות,7290119967681.jpg,45,hadpaami
"ניילון נצמד מוסדי רוחב 45 ס""מ",7290019627685.jpg,80,hadpaami
נייר אפיה נשלף 50 יחי',7290011695934.jpg,10,hadpaami
"נייר אפייה בגליל 25 מ' רוחב 37 ס""מ",0835811002635.jpg,20,baking
נייר טואלט סופט 40 גלילים,7290005430510.jpg,38,hadpaami
"נייר עטיפה גיליון 70*100 ס""מ",7290118631293.jpg,6,hadpaami
נייר צץ רץ 4000,601570783036.jpg,55,hadpaami
נפקינג מובלטות ורוד 15,7290110282158.jpg,7,hadpaami
נר אווירה רחני בכלי זכוכית,7290100488553.jpg,28,birthday
נר דימוי אוטו חתונה,7290017147796.jpg,12,birthday
נר הבדלה דקורטיבי עשישית,7290002128953.jpg,15,birthday
נר לד פילר כסף גילטר כולל סוללה,6923538238247.jpg,3,birthday
נר מספר 0 כסף חלק,7290112703408.jpg,10,birthday
נר נשמה בכוס זכוכית 7 ימים,7290002128311.jpg,10,hadpaami
נר עגול לבן/כסף פנינה,7290017147741.jpg,17,birthday
נר פילר לד {ללא סוללה },6923538222918.jpg,16,birthday
נרות חימום אורה 50,077343000233.jpg,9,birthday
נרות חימום להבה תות 18 יחי',044164282827.jpg,10,birthday
נרות לב גדול צבעוני ריחני אר' 6,7290122560008.jpg,12,birthday
נרות צבעוניים 12 יחי',835811003625.jpg,8,birthday
נשיקות ורודות,7290013610317.jpg,12,hadpaami
נשיקות לבנות,7290013610270.jpg,12,hadpaami
ס- נצנצים זהב וינטג' מזלג *10 יח,7290110286033.jpg,4,hadpaami
סבוניה אקרית עגול,7290119968190.jpg,10,hadpaami
סבוניה וקום אקרילי,7291988022020.jpg,7,hadpaami
סוגרים לשקיות בגדלים שונים,7290013381156.jpg,8,hadpaami
סודה לשתיה הנמל,835811000853.jpg,4,hadpaami
סוויט לוז ממתיק דל קלוריות ז,7290102842346.jpg,28,hadpaami
סוכר גבישי 200 גר',0693493066037.jpg,22,hadpaami
סוכר וניל 10 יחי' השף אלפרדו,7290001468609.jpg,3,hadpaami
"סוכר חום כהה בשקית 1 ק""ג",7290006376053.jpg,17,cleaning
סוכריות סודה לב בשקית  336 גר',7290020178305.jpg,18,cleaning
סוכריות סודה לקקן בשקית 196 גר',7290020178350.jpg,18,cleaning
סוכריות סודה שעון בשקית 336 גר',7290020178251.jpg,18,cleaning
סוכריות צבע אחיד לקישוט 200 גר',7290019500254.jpg,12,birthday
סוכריות צבעוניות לקישוט עוגה 90 גר' קטן,7290016667066.jpg,9,birthday
סוכריות צבעוניות לקישוט עוגות 200 גר' גדול,7290016667523.jpg,12,birthday
סוכריות קונפטי לקישוט עוגות 190 גר' גדול,7290018517345.jpg,12,birthday
סופלה שוקולד אבקה להכנה 250 גר',7290102842360.jpg,21,baking
סחבות מיקירופייבר לרצפה ארוז 3,7290020476005.jpg,12,hadpaami
סחלב 500 גר',7290011851606.jpg,18,hadpaami
"סחלב חלב ישראל בד""צ 500 גר'",7290002654612.jpg,23,hadpaami
סט 2 סלסלה בד עגול קרם/זהב,6923538234157.jpg,68,hadpaami
סט 3 חותכני לב,7290618291447.jpg,13,hadpaami
סט 3 חותכני עגול,7290618291430.jpg,13,hadpaami
סט 3 חותכנים נירוסטה דובי,7290019213666.jpg,14,hadpaami
סט 3 חותכנים נירוסטה פרפר,7290019213673.jpg,14,hadpaami
סט 3 מראות בצבע שחור/זהב 31.2X15X1.2,7290122530285.jpg,50,hadpaami
סט 3 קולבי עץ,7290118439808.jpg,10,hadpaami
סט 3 קלפי פלסטיק,7290618291386.jpg,12,hadpaami
סט 3 קפ' לב,6923538240844.jpg,28,hadpaami
סט 3 קפ' לב לבבות לבן,6923538240875.jpg,35,hadpaami
סט 3 קפ' לב נקודות לבן,6923538240905.jpg,35,hadpaami
סט 3 קפ' קרטון לב חלון דופן לבן,6923538233884.jpg,55,hadpaami
סט 4 מגירות איחסון בד משובץ לבן,7290017147932.jpg,60,hadpaami
סט 4 מגירות טבעי פלוס בד לבן תחרה סביב,7290012419713.jpg,60,hadpaami
סט 5 קולבים שקוף אקרילי,7290119968268.jpg,12,hadpaami
סט 6 קולבים,7290016132342.jpg,10,hadpaami
סט איפור חדש,7290013827784.jpg,35,hadpaami
סט בר מצווה,7290013827814.jpg,36,hadpaami
סט בת מצווה,7290020534002.jpg,42,hadpaami
סט חותכני אותיות עברית מעורב צבעים,7290618282377.jpg,22,hadpaami
סט חותכנים לעוגיות ריבה,7290618295674.jpg,32,hadpaami
סט כוס קידוש וצלוחית זכוכית,7290114349154.jpg,45,hadpaami
סט כוסות מדידה פלסטיק,2990618295159.jpg,18,hadpaami
"סט כוסות שופ 200 מ""ל 6 יחי'",7290120040953.jpg,12,hadpaami
סט כוסות תה,6920243005126.jpg,55,hadpaami
סט כפיות מדידה פלסטיק,2990618295166.jpg,8,hadpaami
סט מיכלי זכוכית שמן/חומץ/סוייה,6924656320821.jpg,35,hadpaami
סט מיכלי תבלינים 3 יחי',8681469497536.jpg,10,hadpaami
סט סירים אינדוקציה,6583412002144.jpg,250,baking
"סט סכו""ם 24 חלקים דגם שיש",7290114346573.jpg,55,hadpaami
"סט סכו""ם LEATHER",7290109499123.jpg,50,hadpaami
"סט סכו""ם TREND SILVER",7290116781457.jpg,72,hadpaami
סט סכום פנינה 30 יחי' 10 מז 10 סכ 10 כף,7290119969364.jpg,14,hadpaami
סט סכום פנינה 30 יחי' 10 מז 10 סכ 10 כף,7290119969357.jpg,14,hadpaami
סט סכום פנינה 30 יחי' 10מז 10 סכ 10 כף,7290119969388.jpg,14,hadpaami
סט סכום פנינה 30 יחי' 10מז 10 סכ 10 כף,7290119969371.jpg,14,hadpaami
סט סכיני שף SANTOKU,7290121392877.jpg,22,hadpaami
סט סלסלה בד אובלי קרם /זהב,6923538234096.jpg,68,hadpaami
סט סלסלה בד אובלי שחור/כסף,6923538234126.jpg,65,hadpaami
סט פלטות צבעוניות,7290618284920.jpg,22,hadpaami
"סט צלחות 7"" ו 10 "" אבן שיש",7290019168911.jpg,17,hadpaami
"סט צלחות 7""+10"" כתום/כחול/לבן/סגול/שחור",7290019673514.jpg,16,hadpaami
"סט צלחות לבן+זהב  סוהו גולד ""10+""7",7290121241267.jpg,16,hadpaami
סט צלחות ספיר 8 יחי' גדול + 8 יחי קטן,7290120320901.jpg,20,hadpaami
סט צלחות ספיר פנינה 8 יחי גדול + 8 יחי קטן,7290120320918.jpg,20,hadpaami
סט צלחות קרם +זהב סוהו גולד,7290121241274.jpg,16,hadpaami
סט צלחות שקוף+זהב סוהו גולד,7290121241281.jpg,16,hadpaami
סט קולבים אר' 6,7290118431954.jpg,9,hadpaami
סט קופסאות מזון גבוה,6998285700026.jpg,12,hadpaami
סט קופסאות מזון נמוך,6931767500110.jpg,12,hadpaami
סט קירצופית הקסם אר' 3,7290002346500.jpg,10,hadpaami
סט שירותים יוקרתי אובל 5L אבן,7290120044050.jpg,120,hadpaami
סט שירותים יוקרתי אובל 5L פאנקי מוקה,7290120044067.jpg,120,hadpaami
סט שירותים יוקרתי אובל 5L תכלת רטרו,7290120044043.jpg,120,hadpaami
סט תבלינים עגול /מרובע,6925951618071.jpg,10,hadpaami
סט תה קפה סוכר אקרילי,7759855536051.jpg,60,hadpaami
סטנד לעוגה לבן,6923538201180.jpg,18,birthday
סיגרס לבן +בד שמנת L,7290018813799.jpg,50,hadpaami
סילאן טבעי 100% צנצנת 380 גר',7290018517635.jpg,14,hadpaami
סילאן לחיץ 100% טבעי 500 גר',7290016667547.jpg,20,hadpaami
סינר חד פעמי 100 יחידות,607741.jpg,20,hadpaami
סינרים פלסטיק 1/100 בניילון,7290013800251.jpg,20,birthday
סיר חד פעמי כ 5.4 לי' לא לשמן,361234.jpg,8,hadpaami
סיר חד פעמי עג 4 לי',36123.jpg,9,hadpaami
סיר חד פעמי קטן 1.1 לי',36148.jpg,3,hadpaami
סיר מלבני חד פעמי,3642.jpg,9,hadpaami
סיר פלא גדול תפזורת,34903.jpg,4,baking
"סירופ בטעם מלבי 750 מ""ל",7290013381675.jpg,21,baking
סירופ בטעם שוקולד לחיץ 700 גר',7290011695637.jpg,18,baking
סירופ גלוקוזה 500 גר',0693493066785.jpg,30,baking
סירופ מייפל בקבוק לחיץ,7290002781271.jpg,18,baking
"סירופ מייפל טהור 100% זכוכית 250 מ""ל",7290016667059.jpg,38,baking
סירופ מייפל לחיץ 700 גר',7290011695620.jpg,17,baking
סכומון אובלי,7290122560589.jpg,16,hadpaami
סכין זהב 10 יח' כתר,7290112487339.jpg,8,hadpaami
סכין כסף 10יח' כתר,7290112487384.jpg,6,hadpaami
סכין נצנץ זהב 10 יחי',7290112487483.jpg,7,hadpaami
סכין נצנץ כסף 10 יחי',7290112487438.jpg,6,hadpaami
סכינים מידיום 50 יחי' שקוף,835811004554.jpg,5,hadpaami
סכינים פרימיום שחור אר' 50,7290008329293.jpg,4,hadpaami
סל כביסה גמיש,7290016132243.jpg,30,hadpaami
סל כביסה דגם יוניק מפואר מתקפל,7102545380784.jpg,150,hadpaami
סל פיקניק ידיות חבל 35X25X15,7290019792949.jpg,45,hadpaami
סל פקניק,7290012419492.jpg,85,hadpaami
סל קש טבעי תפור ידיות עור עגול גדול,7290019792741.jpg,40,hadpaami
סל קש טבעי תפור ידיות עור עגול קטן,7290019792734.jpg,30,hadpaami
סלוטייפ שלישיה כ 20 מ,7290118432951.jpg,3,hadpaami
סלסלה פלסטיק פרח בינוני + מכסה,7290122560749.jpg,18,hadpaami
סלסלה פלסטיק פרח גדול + מכסה,7290122560756.jpg,22,hadpaami
סלסלת רשת ובמבוק 21*33,72901106788908.jpg,27,hadpaami
סנוקליר 1לי' בלו בלוס,7290108357202.jpg,13,hadpaami
ספארק משאבה קלאסי 1 לי',7290108350531.jpg,15,hadpaami
ספוג ליפה טבעי קבוצה B,7290001468470.jpg,14,cleaning
ספוג סקוטש-10 יחי' SHINY,3800718504947.jpg,6,cleaning
ספוג פלא חתוך אר' 6,7290118435198.jpg,6,cleaning
ספריי חיטוי אלכוהול70% 100 מל,7290019500315.jpg,9,hadpaami
ספריי סקאיי ריח מעורב,695739612217.jpg,18,hadpaami
"ספריי שלג מסיבה 480/65/342ג' 1000 מ""ל",7290118871804.jpg,10,birthday
"סרט סאטן 2 ס""מ 25 יארד לבן",6923538202163.jpg,7,hadpaami
"סרט סאטן 25 יארד 2 ס""מ ורוד בייבי",7290116910420.jpg,7,hadpaami
"סרט סטאן 1 ס""מ 25 יארד בורדו",6923538201975.jpg,5,hadpaami
"סרט סטאן 1 ס""מ 25 יארד צהוב לימון",6923538204068.jpg,5,hadpaami
"סרט סטאן 1 ס""מ דופן שקוף ורוד 25 יארד",6923538201968.jpg,5,hadpaami
"סרט סטאן 1 ס""מ דופן שקוף שחור 25 יארד",6923538202064.jpg,5,hadpaami
"סרט סטאן 2 ס""מ 25 יארד זהב כהה",6923538202354.jpg,5,hadpaami
"סרט סטאן קרם 25 יארד 2 ס""מ",7290116910567.jpg,7,hadpaami
"סרט סטאן רוז גולד 25 יארד 2ס""מ",7290116910468.jpg,7,hadpaami
"סרט סטאן שחור 25 יארד 2 ס""מ",7290116910680.jpg,7,hadpaami
סרטי קישוט פורים שמח כ0.5 סמ *10 מ',7290121242059.jpg,3,birthday
"עגלת שוק דגם ""אירופה""",7290118572817.jpg,75,hadpaami
עגלת שירות אקרילי 3 קומות,7102545380579.jpg,140,hadpaami
עגלת שירות אקרילי 4 קומות,7102545380586.jpg,160,hadpaami
עוגיות קרם סנדוויץ במארז 900 גר' כחול,7290018517529.jpg,18,hadpaami
עוגיות קרם סנדוויץ במארז 900 גר' סגול,7290019500308.jpg,18,hadpaami
עוגיות קרם סנדוויץ במארז 900 גר' צהוב,7290019500292.jpg,18,hadpaami
עוגיות קרם סנדוויץ חום-לבן 360 גר',7290018517208.jpg,10,hadpaami
עוגת בראוניס להכנה מהירה 600 גר',7290102840939.jpg,19,hadpaami
עוגת וניל אבקה להכנה 560 גר',7290002654667.jpg,19,hadpaami
עוגת פרג אבקה להכנה 560 גר',7290102841127.jpg,19,hadpaami
עוגת שוקולד אבקה להכנה 560 גר',7290002654674.jpg,19,baking
עוגת שיש אבקה להכנה 560 גר',7290102844364.jpg,19,hadpaami
עט סימון דק אדום,7290016892727.jpg,12,hadpaami
עט סימון דק ורוד,7290016892734.jpg,12,hadpaami
עט סימון דק חום,7290016892741.jpg,12,hadpaami
עט סימון דק ירוק,7290016892758.jpg,12,hadpaami
עט סימון דק כחול,7290016892765.jpg,12,hadpaami
עט סימון דק כתום,7290016892772.jpg,12,hadpaami
עט סימון דק סגול,7290016892789.jpg,12,hadpaami
עט סימון דק צהוב,7290016892796.jpg,12,hadpaami
עט סימון דק שחור,7290016892802.jpg,12,hadpaami
עט סימון דק תכלת,7290016892819.jpg,12,hadpaami
עטרות חום מס' 1.5,7290002008460.jpg,6,hadpaami
עטרות חום מס' 3,7290002008170.jpg,7,hadpaami
עטרות חום מס' 4,7290002008309.jpg,7,hadpaami
עטרות חום מס' 5,7290002008156.jpg,8,hadpaami
עטרות חום מספר 2,7290002008071.jpg,7,hadpaami
עלי גפן ממולאים באורז,6902412100160.jpg,15,hadpaami
עלים לקרמשניט 400 גר,835811005728.jpg,18,hadpaami
עץ ריח שלישיה,7290004914868.jpg,10,hadpaami
"עציץ דקורטיבי 12/36 9*H ס,מ",7290122530278.jpg,35,hadpaami
עציץ נייר + גיפסנית מעורב 4 צבעים,6928325187296.jpg,18,hadpaami
ערכת יום הולדת,7290013827609.jpg,27,birthday
ערמונים קלופים וקלויים 100 גר',7290014803237.jpg,6,hadpaami
פבלובה עגולה לבנה,7290013610461.jpg,25,hadpaami
פומפה + מקל,7290118431169.jpg,10,hadpaami
פומפיה נרוסטה 9 אינץ ידית מעוגלת ש/ל,7290118575016.jpg,22,birthday
פומפיה קטנה,7291988026967.jpg,8,hadpaami
"פותחן צנצנות אוניברסלי 23 ס""מ",2990618297214.jpg,18,hadpaami
פח 70 לי' גדול יוקרתי פלרמו כסוף,7290120044111.jpg,420,cleaning
פח אובל דוושה 50 לי' יוקרטי ענק אבן,7290120044081.jpg,420,cleaning
פח אובל דוושה 50 לי' יוקרתי ענק סהרה,7290120044074.jpg,420,cleaning
פח אובל דוושה 50 לי' יוקרתי ענק פאנקי מוקה,7290120044098.jpg,420,cleaning
פח דוושה יוקרתי + פח פנימי 50 לי' שחור,7290120042001.jpg,420,cleaning
פח יוקרתי עם רגליים 53 לי' אפור חלל,7290120043336.jpg,350,cleaning
פח יוקרתי עם רגליים 53 לי' בטון,7290120043312.jpg,320,cleaning
פח יוקרתי עם רגליים 53 לי' שחור מט,7290120041134.jpg,330,cleaning
פח יוקרתי עם רגלים 33 ל' לבן,7290120041080.jpg,240,cleaning
"פחם אקליפטוס 5 ק""ג עם זוג כפפות",7290019673859.jpg,60,cleaning
"פחמים 2 ק""ג",835811005322.jpg,18,cleaning
"פינג'ן מס' 9 נון סטיק 10.5*11ס""מ",7290118571179.jpg,50,hadpaami
פינג'ן פלסטי זהב,6928325190548.jpg,6,hadpaami
פירורי לחם מוזהבים 800 גרם,7290013381545.jpg,11,hadpaami
פלאן קרמל אבקה להכנה 112 גר',7290102840243.jpg,11,hadpaami
פלטה שבת 4 סירים זקש אמייל שחור,7290013025425.jpg,120,baking
פלייסמנט נייר עיתון תח' לצלחת  אר' 10,7290115731200.jpg,8,hadpaami
פליסמנו חבל רנדומלי שחור,6923538242060.jpg,7,hadpaami
פליסמנט בד קרם,6923538242121.jpg,10,hadpaami
פליסמנט בד קרם,6923538242237.jpg,10,hadpaami
פליסמנט בד קרם-פרנזים,6923538242381.jpg,10,hadpaami
פליסמנט בד+פרנזים קרם/לבן,6923538242053.jpg,10,hadpaami
פליסמנט חבל רנדומלי קרם,6923538242084.jpg,7,hadpaami
פליסמנט פלסטיק קרם,6923538242435.jpg,7,hadpaami
פליסמנט פלסטיק שחור,6923538242428.jpg,7,hadpaami
פלסטרים מארז 110 יחי',780707001042.jpg,8,hadpaami
פניני קראנץ' מיקס חלבי 150 גר',0693493055932.jpg,34,hadpaami
פניני קראנץ' מיקס מיני פרווה 150 גר',0693493056052.jpg,30,hadpaami
פנס LED מגנט מפרקי עומד צהוב,7901235507018.jpg,25,hadpaami
פנס לד ללא סוללות PHILIPS LED Rubber,8712581701642.jpg,45,hadpaami
פנס מגנט עט עוצמתי,7901235502365.jpg,18,hadpaami
פנס ראש לד עם סוללות PHILIPS LU130,4895229118089.jpg,45,hadpaami
פנקייק אבקה להכנה 400 גר',7290008482530.jpg,18,hadpaami
פסגה ריחנית 4 לי' אקונומיקה,7290001791349.jpg,14,cleaning
פרפרים,7290013827074.jpg,24,hadpaami
פתאי נודלס בטעם  עוף מארז 5 יחי' 350 גרם,7290019500575.jpg,14,hadpaami
פתאי נודלס בטעם פיקנטי מארז 5 יחי',7290019500568.jpg,14,hadpaami
"פתאי רוטב טריאקי 300 מ""ל",7290014803756.jpg,11,hadpaami
"פתאי רוטב סויה קטן 300 מ""ל",7290011695439.jpg,11,hadpaami
פתאי רוטב צילי מתוק 700 מל,7290011695224.jpg,13,hadpaami
פתי בר ביסקוויט 400 גר',7290014803855.jpg,10,hadpaami
פתיל צף מתומן מוכן לשימוש,044164053946.jpg,7,hadpaami
צבע ג'ל לשוקולד 30 מל' אדום,7290016973440.jpg,15,baking
צבע ג'ל לשוקולד 30 מל' דיג'ון,7290016973457.jpg,15,baking
צבע ג'ל לשוקולד 30 מל' ורוד בזוקה,7290016973969.jpg,15,baking
צבע ג'ל לשוקולד 30 מל' חום,7290016973464.jpg,15,baking
צבע ג'ל לשוקולד 30 מל' טורקיז,7290016973471.jpg,15,baking
צבע ג'ל לשוקולד 30 מל' ירוק,7290016973488.jpg,15,baking
צבע ג'ל לשוקולד 30 מל' ירוק ניאון,7290016973495.jpg,15,baking
צבע ג'ל לשוקולד 30 מל' כחול,7290016973501.jpg,15,baking
צבע ג'ל לשוקולד 30 מל' כתום,7290016973518.jpg,15,baking
צבע ג'ל לשוקולד 30 מל' סגול,7290016973525.jpg,15,baking
צבע ג'ל לשוקולד 30 מל' צהוב,7290016973532.jpg,15,baking
"צבע ג'ל רך 32 מ""ל אדום אקסטרה",7290016891072.jpg,13,hadpaami
"צבע ג'ל רך 32 מ""ל אדום עמוק",7290016891089.jpg,13,hadpaami
"צבע ג'ל רך 32 מ""ל אפור",7290016891201.jpg,13,hadpaami
"צבע ג'ל רך 32 מ""ל אפרסק",7290016891096.jpg,13,hadpaami
"צבע ג'ל רך 32 מ""ל בורדו",7290016891225.jpg,13,hadpaami
"צבע ג'ל רך 32 מ""ל דיג'ון",7290016891911.jpg,13,hadpaami
"צבע ג'ל רך 32 מ""ל ורוד בייבי",7290016891058.jpg,13,hadpaami
"צבע ג'ל רך 32 מ""ל ורוד שושנה",7290016891041.jpg,13,hadpaami
"צבע ג'ל רך 32 מ""ל חום אדמה",7290016891126.jpg,13,hadpaami
"צבע ג'ל רך 32 מ""ל חום שוקולד",7290016891119.jpg,13,baking
"צבע ג'ל רך 32 מ""ל טורקיז",7290016891164.jpg,13,hadpaami
"צבע ג'ל רך 32 מ""ל ירוק זית",7290016891232.jpg,13,hadpaami
"צבע ג'ל רך 32 מ""ל ירוק יער",7290016891157.jpg,13,hadpaami
"צבע ג'ל רך 32 מ""ל ירוק נאון",7290016891249.jpg,13,hadpaami
"צבע ג'ל רך 32 מ""ל ירוק עלה",7290016891140.jpg,13,hadpaami
"צבע ג'ל רך 32 מ""ל כחול אינדיגו",7290016891188.jpg,13,hadpaami
"צבע ג'ל רך 32 מ""ל כחול רויאל",7290016891195.jpg,13,hadpaami
"צבע ג'ל רך 32 מ""ל כחול שמים",7290016891171.jpg,13,hadpaami
"צבע ג'ל רך 32 מ""ל כתום",7290016891034.jpg,13,hadpaami
"צבע ג'ל רך 32 מ""ל סגול ויולט",7290016891133.jpg,13,hadpaami
"צבע ג'ל רך 32 מ""ל סגול לילך",7290016891938.jpg,13,hadpaami
"צבע ג'ל רך 32 מ""ל פוקסיה",7290016891065.jpg,13,hadpaami
"צבע ג'ל רך 32 מ""ל צהוב חלמון",7290016891027.jpg,13,hadpaami
"צבע ג'ל רך 32 מ""ל צהוב לימון",7290016891010.jpg,13,hadpaami
"צבע ג'ל רך 32 מ""ל שחור אקסטרה",7290016891218.jpg,13,hadpaami
"צבע ג'ל רך 32 מ""ל שנהב",7290016891102.jpg,13,hadpaami
"צבע מאכל לאפיה וקינוחים 50 מ""ל",7290011695729.jpg,7,hadpaami
צופסטיקס 20 יחי,7290010513703.jpg,10,hadpaami
צימקאו חום 400 גר',0731851587517.jpg,22,hadpaami
צימקאו לבן 400 גר',0731851587500.jpg,22,hadpaami
צלופן 3 יחי'  60*90,7290118631378.jpg,3,hadpaami
"צלחות 10"" סוהו קרם 10 יחי'",7290110289164.jpg,18,hadpaami
"צלחות 7"" סוהו קרם 10 יחידות",7290110289140.jpg,12,hadpaami
"צלחות PP גדולות 9""שקוף אר' 100",07290019039051.jpg,24,hadpaami
צלחות אייס קולקשיין שחור שקוף פס זהב,7290118636588.jpg,14,hadpaami
"צלחות אמריקאיות גדול 9"" א' 100 יחי שקוף",7290120320338.jpg,28,hadpaami
"צלחות גודל 7"" ארוז 100 קרם/לבן",3320113920406.jpg,10,hadpaami
"צלחות נייר 20 ס""מ 8 יחי' ספיידרמן",7290120662810.jpg,10,hadpaami
צלחות ספיר גדול פס זהב 10 יחי',7290120320413.jpg,14,hadpaami
צלחות ספיר גדול רקע כחול 10 יחי',7290120320451.jpg,14,hadpaami
צלחות ספיר גדול רקע פנינה 10 יחי',7290120320871.jpg,15,hadpaami
צלחות ספיר ענק פס זהב 10 יחי',7290120320390.jpg,17,hadpaami
צלחות ספיר ענק רקע כחול 10 יחי',7290120320437.jpg,17,hadpaami
צלחות ספיר ענק רקע פנינה 10 יחי',7290120320864.jpg,22,hadpaami
צלחות ספיר קטן פס זהב 10 יחי,7290120320406.jpg,10,hadpaami
צלחות ספיר קטן רקע כחול 10 יחי',7290120320444.jpg,10,hadpaami
צלחות ספיר קטן רקע פנינה 10 יחי,7290120320888.jpg,12,hadpaami
צלחת 10 עגולה מתכלה 25 יחי',7290014500006.jpg,14,hadpaami
"צלחת 10"" שקופה עגולה 25 יחי'",7290013757821.jpg,22,hadpaami
"צלחת 6"" מרובעת מתכלה מעץ דקל אר'",7290017870694.jpg,9,hadpaami
צלחת 9 מתכלה אר' 25,7290014500013.jpg,10,hadpaami
"צלחת 9"" קרם סוהו 10 יחי'",7290110289157.jpg,15,hadpaami
"צלחת אייס קוליקשיין 7""שחור שקוף",7290118636540.jpg,12,hadpaami
צלחת בינונית שוהם ורוד עם כסף אר'10,7290119969616.jpg,13,hadpaami
צלחת בינונית שוהם כחול שמיים פס כסף א'10,7290122562118.jpg,12,hadpaami
צלחת גדולה ריינבו אדום אר' 20,7290020279040.jpg,7,hadpaami
צלחת גדולה ריינבו ורוד אר' 20,7290018509715.jpg,7,hadpaami
צלחת גדולה ריינבו כחול 20 יחי',7290018509630.jpg,7,hadpaami
צלחת גדולה ריינבו לילך אר' 20,7290018509647.jpg,7,hadpaami
צלחת גדולה שוהם ורוד עם כסף אר'10,7290119969609.jpg,18,hadpaami
צלחת גדולה שוהם כחול שמיים פס כסף א 10,7290122562125.jpg,18,hadpaami
צלחת ילדים קשיח,7290016132564.jpg,4,hadpaami
"צלחת לבנה 7.5"" פ""ז 10 יחי'",7290016480931.jpg,11,hadpaami
"צלחת לבנה שבת שלום 10.25"" 10 יחי'",7290019858447.jpg,18,hadpaami
"צלחת לבנה שבת שלום 7.5"" פז 10 יחי'",7290019858423.jpg,12,hadpaami
"צלחת לבנה שבת שלום 9""פז 10 יחי'",7290019858430.jpg,14,hadpaami
"צלחת נייר בת מצווה 12 ורוד 9""",7290115953022.jpg,10,hadpaami
"צלחת נצנץ פנינה זהב/לבן שקוף 9""",7290019626497.jpg,10,hadpaami
"צלחת פטל 7"" קרם ופס זהב 10 יחי'",7290121243940.jpg,10,hadpaami
"צלחת פטל 9"" קרם ופס זהב 10 יחי'",7290121243988.jpg,15,hadpaami
"צלחת פלסטיק סטיץ מותאמת מיקרו 20 ס""מ",8412497750474.jpg,15,hadpaami
"צלחת פנינה זהב/לבן שקוף נצנץ 7""",7290019626541.jpg,9,hadpaami
"צלחת שקופה 7.5"" 10 יחי'",7290019858102.jpg,12,hadpaami
"צלחת שקופה שבת שלום 10.25"" פז 10 יחי'",7290019858393.jpg,18,hadpaami
"צלחת שקופה שבת שלום 9"" פז 10 יחי",7290019858386.jpg,16,hadpaami
צנצנות פלסטי + מכסה,6928325142462.jpg,17,hadpaami
צנצנות תבלינים שלישייה,7290121391788.jpg,10,hadpaami
צנצנת אקרילי מרובעת 500CC,7290119964956.jpg,22,hadpaami
צנצנת ווקום זכוכית מעוצבת 0.75L,7290110298135.jpg,20,hadpaami
צנצנת זכוכית 5 ליטר,8571254681045.jpg,45,hadpaami
צנצנת זכוכית גדולה מוטבעת זהב קוקיז + מכסה,7290118439059.jpg,18,hadpaami
"צנצנת זכוכית דקה 1000 מ""ל + מכסה",7290120160729.jpg,26,hadpaami
"צנצנת זכוכית דקה 1500 מ""ל מכסה עץ",7290120160736.jpg,28,hadpaami
"צנצנת זכוכית דקה 1900 מ""ל מכסה מעץ",7290120160743.jpg,30,hadpaami
צנצנת זכוכית מוטבעת זהב לעוגיות +מכסה,7290118439042.jpg,15,hadpaami
צנצנת זכוכית מוטבעת זהב לפסטה + מכסה,7290118439066.jpg,22,hadpaami
צנצנת זכוכית מוטבעת זהב לתבלינים +מכסה,7290118439035.jpg,12,hadpaami
צנצנת לחיצה זכוכית,2023100300137.jpg,45,hadpaami
"צנצנת לתבלינים מכסה מחורר 200 מ""ל",6928326191742.jpg,15,hadpaami
"צנצנת סוכר דמררה 1 ק""ג השף אלפרדו",7290010300921.jpg,15,hadpaami
צנצנת עלי גפן 680 גר' לא ממולא,6902412100184.jpg,32,hadpaami
"צנצנת פלסטי כדורי זוויתי ק 15 ס""מ",6928325164235.jpg,9,hadpaami
צנצנת פלסטיק מעוינים מוכסף 1.2 ל',7290122560398.jpg,14,hadpaami
צנצנת פלסטיק מעוינים מכוסף 1.0 ל',7290122560404.jpg,12,hadpaami
"צנצנת פלסטיק ק11.5 ג12.8 ס""מ 900 מ""ל",6928325179024.jpg,8,hadpaami
צנצנת פרח בינוני 1.5 ליטר,7290122560305.jpg,18,hadpaami
צנצנת פרח גדולה 2 ליטר,7290122560299.jpg,20,hadpaami
ק.מרוב מתרחב + מכסה 12 יחי',7290013757326.jpg,14,hadpaami
קולב על דלת HOME,7290109490854.jpg,32,hadpaami
קומקום חשמלי גוף נירוסטה,6975069400457.jpg,50,hadpaami
קומקום חשמלי זכוכית לד 2 לי',6975069400150.jpg,65,hadpaami
"קונוס מעץ 140 ס""מ אר' 25",7290016624830.jpg,10,hadpaami
"קונוס מעץ 180 מ""מ 25 יחי'",7290016034004.jpg,13,hadpaami
קונפיטורת דובדבן 450 גר' 70% פרי,7290020178145.jpg,15,hadpaami
קונפיטורת מישמש 450גר' 70% פרי,7290020178138.jpg,15,hadpaami
קונפיטורת שזיפים 450 גר' 70% פרי,7290020178190.jpg,15,hadpaami
קונפיטורת תות שדה 450 גר' 70% פרי,7290020178176.jpg,15,hadpaami
קופ' איחסון אקרילי מג'יק 3 לי' + מכסה,7102545382160.jpg,28,hadpaami
קופ' מחולקת מקרטון + מכסה שקוף 5 תאים,6923538228842.jpg,7,hadpaami
קופ' מחולקת מקרטון + מכסה שקוף 5 תאים,6923538228859.jpg,8,hadpaami
קופ' מחולקת מקרטון + מכסה שקוף 6 תאים,6923538228873.jpg,5,hadpaami
קופ' מחולקת מקרטון + מכסה שקוף 6 תאים,6923538228880.jpg,6,hadpaami
קופ' מחולקת מקרטון + מכסה שקוף 9 תאים,6923538228903.jpg,7,hadpaami
קופ' קרטון + חלון פורים שמח מסכה זהב מיטאלי,6923538240127.jpg,9,hadpaami
קופ' קרטון לפורים חלון מסכה זהב מיטאלי,6923538240103.jpg,4,hadpaami
קופ' קרטון מכסה פי וי סי מחולקת לבן,6923538228248.jpg,9,hadpaami
קופס' איחסון אקרילי מג'יק 12 לי' + מכסה,7102545382184.jpg,52,hadpaami
קופס' איחסון אקרילי מג'יק 17 לי' + מכסה,7102545382191.jpg,65,hadpaami
קופס' איחסון אקרילי מג'יק 5 לי' + מכסה,7102545382177.jpg,35,hadpaami
קופסא איכותית + מכסה לאינגלייש,7290119967964.jpg,25,hadpaami
קופסא לעוגה עם במה וסרט סטאן,6923538224875.jpg,16,birthday
קופסא לעוגיות שחור/לבן/קרם דקור צ זהב,7290120161801.jpg,55,hadpaami
קופסאות איחסון אקרילי,6910268136660.jpg,25,hadpaami
קופסאת אחסון אטומה דקורטיבי ענק,7290119969333.jpg,42,hadpaami
קופסאת אחסון אטומה דקורטיבי קטן,7290119969319.jpg,15,hadpaami
קופסאת אחסון אטומה דקורטיבית גדול,7290119969340.jpg,38,hadpaami
קופסאת אחסון דקורטיבי בינוני,7290119969326.jpg,20,hadpaami
קופסאת סנדוויץ לחמניה,7290005481772.jpg,14,hadpaami
קופסית עוגה תבנית גדולה,7290115733138.jpg,12,baking
קופסת אחסון מלבן 1 ל 5 יחי',835811003823.jpg,10,hadpaami
קופסת אחסון מלבן 2 ל 3 יחי',835811003816.jpg,10,hadpaami
"קופסת איחסון מזכוכית 19*19ס""מ א/יאוב L",7290120162693.jpg,82,hadpaami
קופסת בנטו,111500098.jpg,1,hadpaami
קופסת פלסטיק עגול שקוף,6923538205379.jpg,4,hadpaami
קוצץ ציפורניים L,[C16924141960017.jpg,4,hadpaami
קוקוטיים מנייר מאפינס חום/לבן 10X10,7290019673644.jpg,8,hadpaami
"קוקוס "" דשא """,7290014246638.jpg,16,hadpaami
קוקוס 200 גר' השף אלפרדו,7290010300570.jpg,12,hadpaami
"קוקוס ורוד "" פיות """,7290014246652.jpg,16,hadpaami
קוקטים לאפיה 50 יחי' OZ,835811001935.jpg,9,hadpaami
קוקטים לאפייה 50 יחי' 3OZ,835811001928.jpg,9,baking
קורנפלור 200 גר' השף אלפרדו קטן,7290001468692.jpg,8,hadpaami
קינוחית מרובע גבוה + מכסה,611108802283.jpg,8,hadpaami
קינוחית מתרחבת קטנה 50 יח,7290015922586.jpg,14,hadpaami
קישוט אקרילי חתן כלה זהב,6923538227685.jpg,14,birthday
קישוט עוגה כוכב כחול-לבן,7290020178909.jpg,13,birthday
קישוט עוגה עיגול צבעוני,7290020178800.jpg,13,birthday
קישוטי עוגה בצורות שונות MIX,7290016667776.jpg,12,birthday
"קלף פלסטיק 19 ס""מ",7290618288942.jpg,6,hadpaami
"קלף פלסטיק 25 ס""מ",7290618288959.jpg,10,hadpaami
קמח תפוחי אדמה 500 גר' השף אלפרדו,7290001468753.jpg,10,hadpaami
קנקן תה קלאסי 1500,7290116788784.jpg,42,hadpaami
קסרול 7OZ אר' 8 לבן/שקוף/שחור/ורוד,7290019673613.jpg,8,hadpaami
קסרול סוהו קרם 6 יחי',7290110289188.jpg,7,hadpaami
קסרול פנינה פס זהב 10 יחי',7290019858232.jpg,10,hadpaami
קסרול ריינבו שחור אר' 20,7290018509241.jpg,3,hadpaami
קסרול שוהם ורוד עם כסף אר'10,7290119969630.jpg,8,hadpaami
קסרול שוהם כחול שמיים פס כסף אר'10,7290122562149.jpg,8,hadpaami
קסרול שקוף 10oz,835811007616.jpg,12,hadpaami
קסרול שקוף 25 יח,7290003679911.jpg,7,hadpaami
קסרול שקוף נצנץ זהב 15 יחי',835811007623.jpg,12,hadpaami
קערה אקרילית דקורטיבית עגולה + מ כסף,7290119968701.jpg,25,baking
קערה בינונית שקופה 10יחי',729000367904.jpg,10,baking
קערה כ 32 ס''מ,7290110282165.jpg,15,baking
"קערה עגולה 24 ס""מ קונוסית",7290013757593.jpg,7,baking
"קערה פלסטיק על רגל כ 22 ס""מ",6923538204105.jpg,16,baking
"קערה קוטר 20 ס""מ",7290110282189.jpg,7,baking
"קערות אקריליק איכותית + מכסה 20*10 ס""מ",7290118435952.jpg,16,hadpaami
קערות הגשה שקוף,7290019039167.jpg,8,hadpaami
"קערות קראפט מלבניות + מכסה כ1000 מ""ל",7290119962631.jpg,12,hadpaami
"קערות קראפט מרובעות + מכסה כ650 מ""ל",7290119962648.jpg,12,hadpaami
קעריות הגשה אובליות אלגנט,835811009146.jpg,12,hadpaami
קערית אובלי 125 יחי',7290112488718.jpg,20,hadpaami
קערת הגשה 15 BAMBOO,7290121390002.jpg,22,hadpaami
קערת הגשה 19 BAMBOO,7290121390019.jpg,40,hadpaami
"קערת נירוסטה 40 ס""מ",7759855538383.jpg,42,hadpaami
קערת סוהו לבן 3 יחי',7290115955576.jpg,8,hadpaami
קערת סוהו נצנצים זהב 3 יחי',7290115955583.jpg,10,hadpaami
קערת סוהו קרם 10 יחי',7290110289195.jpg,8,hadpaami
קערת פלסטיק עם קשית סטיץ פסטלי,7290121801119.jpg,8,hadpaami
קערת קלקר ארוז 20 ( תמני ),7704258002966.jpg,13,hadpaami
קערת שף 12 שקופה,7290016480191.jpg,10,hadpaami
קפ' ל6 קאפקייקס פורים שמח,6923582440394.jpg,7,hadpaami
קפ' פי וי סי לעוגה +במה+סרט לבן,6923538241049.jpg,12,birthday
קפ' פלסטיק מרובעת,6923538235550.jpg,6,hadpaami
קפ' פלסטיק מרובעת,6923538235567.jpg,6,hadpaami
קפ' קרטון + חלון פורים שמח מסכה זהב מיטאלי,6923538240158.jpg,8,hadpaami
קפ' קרטון בצורת לב מכסה אקרילי אדום,6923538233747.jpg,42,hadpaami
קפ' קרטון בצורת תיק אדום,6923538229887.jpg,28,hadpaami
קפ' קרטון בצורת תיק אדום,6923538229917.jpg,18,hadpaami
קפ' קרטון בצורת תיק קרם משובץ טרפזי,6923538229979.jpg,8,hadpaami
קפ' קרטון מכסה פי וי סי מחולקת קראפט,6923538228255.jpg,10,hadpaami
קפ' קרטון עגול קרם משובץ,6923538229962.jpg,7,hadpaami
קפ' קרטון עגולה מכסה שקוף ורוד,6923538222864.jpg,11,hadpaami
קפ' קרטון עגולה מכסה שקוף זהב,6923538222871.jpg,12,hadpaami
קפ' קרטון קראפט מכסה פי וי סי מכסה,6923538215378.jpg,6,hadpaami
קפ' קרטון תיק עגול קרם משובץ,6923538229948.jpg,10,hadpaami
"קפה שחור טורקי מוסדי 1 ק""ג",7290008751902.jpg,60,hadpaami
קקאו בשקית 150 גר' השף אלפרדו קטן,7290013381682.jpg,12,cleaning
קקאו נאמן 500 גר' השף אלפרדו גדול,7290013381699.jpg,27,hadpaami
"קקוס ""ים שמיים """,7290014246621.jpg,16,hadpaami
קרחונים 12 יחי',7290001670668.jpg,6,hadpaami
קרם בייגלה 500 גר' חלבי,0693493066419.jpg,41,hadpaami
קרם מרשמלו 500 גר' חלבי,0693493056663.jpg,45,hadpaami
קרם נוצ'טלו פרווה 300 גר',0731851588446.jpg,24,hadpaami
קרם נוצ'יטלו (קינדר) 500 גר' פרווה,0693493056298.jpg,45,hadpaami
קרם פטיסייר 500 גר' פרווה,0693493056144.jpg,25,hadpaami
קרם פיסטוק 500 גר'  פרימיום פרווה,0693493067591.jpg,37,hadpaami
קרם פיסטוק 500 גר' חלבי,0693493056403.jpg,45,hadpaami
קרם פיצפוצי רושה חלבי (פררו רושה)500גר',0693493055888.jpg,41,hadpaami
"קרם קוקוס פחית 400 מ""ל ( ורוד )",7290011695446.jpg,10,cleaning
קרם קראנץ פיסטוק 500 גר',0693634424177.jpg,48,hadpaami
קרם קראנץ' בואנו500 גר' חלבי,0693493056373.jpg,41,hadpaami
קרם קרמל 500 גר' פרווה,0693493056137.jpg,30,hadpaami
קרם שוקולד לבן (חלב לבן)500 גר' חלבי,0693493056380.jpg,33,baking
קרם שוקולד לשמרים וקרנצ'ים 500 גר' פרווה,0693493056151.jpg,25,baking
קרמה בואנה לאטה 500 גר' חלבי,0693493056281.jpg,41,hadpaami
קרמה בואנו לאטה 500 גר' חלבי,06934930562281.jpg,48,hadpaami
קרמה ביאנקה פרווה 300 גר',0731851588392.jpg,28,hadpaami
קרמה נוצ'יטלו {קינדר חום} 500 גר' חלבי,0693493056502.jpg,40,hadpaami
קרמה רפאלה (רפאלו) 500 גר' חלבי,0693493056328.jpg,48,hadpaami
קרמו ריאו 500 גר' חלבי,0693493056366.jpg,48,hadpaami
קרש חיתוך זכוכית מחוסם 20X30 דגם שפים,7290115776140.jpg,18,hadpaami
קרש חיתוך טיטניום בינוני 20*29,7102545380852.jpg,38,hadpaami
קרש חיתוך טיטניום גדול 25*36,7102545380869.jpg,60,hadpaami
קרש חיתוך מפלסטיק L:,7290118570912.jpg,22,hadpaami
קרש חיתוך מפלסטיק M,7290118570905.jpg,16,hadpaami
קשת בענן,7290013827340.jpg,28,hadpaami
רביעייה מברשות שיניים קשה,7290020178343.jpg,10,hadpaami
רביעיית מגש לבן פס זהב,7290016480108.jpg,10,hadpaami
רבעיית מגש שקוף 5X10.6,7290016480436.jpg,8,hadpaami
רבעיית סט תבלינים + מגש אקרילי,7290119963669.jpg,40,hadpaami
"רבעיית קערות נקודות 400 מ""ל",7290113926660.jpg,7,hadpaami
רדיד אלומיניום 30/60.9 16 מקרון,7290104856877.jpg,30,hadpaami
רדיד אלומיניום 45/41 18 מקרון,7290104856891.jpg,34,hadpaami
"רדיד אלומיניום חתוך 150 יחי' כשל""פ",7290122581821.jpg,22,hadpaami
"רדיד אלומיניום חתוך 150 יחי' כשל""פ",7290122561821.jpg,22,hadpaami
"רוטב נוצ'טלו חלבי 300 מ""ל",0693493067317.jpg,35,hadpaami
"רוטב פירות יער 300 מ""ל",0693493067430.jpg,30,hadpaami
רוטב קרמל מלוח 300 מ,0693634423583.jpg,30,hadpaami
רוטב רימונים מרוכז 680 גר' גדול,7290018517659.jpg,23,hadpaami
"רוטב שוקולד לבן חלבי 300 מ""ל",0693493067300.jpg,35,baking
רוטבית + מכסה 30CCאר' 50,9729000386396.jpg,8,hadpaami
רוטבית+מכסה 50CC  יחי'50,7290117761281.jpg,8,hadpaami
רויאל אייסינג אדום,7290016892574.jpg,17,hadpaami
רויאל אייסינג ורוד בייבי,7290016892581.jpg,16,hadpaami
רויאל אייסינג ירוק,7290016892628.jpg,16,hadpaami
רויאל אייסינג כתום,7290016892642.jpg,16,hadpaami
רויאל אייסינג לבן,7290016892659.jpg,16,hadpaami
רויאל אייסינג סגול,7290016892666.jpg,16,hadpaami
רויאל אייסינג צהוב,7290016892673.jpg,16,hadpaami
רויאל אייסינג שחור,7290016892680.jpg,16,hadpaami
רויאל אייסינג תכלת,7290016892635.jpg,16,hadpaami
רול איטלקי ארוך,7290013610447.jpg,22,hadpaami
ריבת חלב לחיץ 330 מל,7290020178701.jpg,23,hadpaami
ריבת חלב צנצנת 330 גר',7290001468159.jpg,18,hadpaami
ריבת תות שדה צנצנת 820 גר',7290001468883.jpg,22,hadpaami
"רינג מרובע מתכוונן 15-28 ס""מ ג8.5. ס""מ",7290018884720.jpg,32,hadpaami
"ריניג עגול מתכוונן 16-30 ס""מ ג. 10 ס""מ",7290618288997.jpg,43,hadpaami
ריצפז פנטזיה 3 ליטר,7290013269669.jpg,15,hadpaami
ריצפז שואב שוטף 1.5 ליטר,7290108358681.jpg,33,hadpaami
רצפז פ הום פיור לאב,7290108358667.jpg,26,hadpaami
רצפז פ.הום כותנה 2 ליטר,7290014397769.jpg,22,hadpaami
"רשת למנגל גדול 26*76 ס""מ",7290118434665.jpg,18,hadpaami
שבבי פייטה 250 גר',0693493065986.jpg,42,hadpaami
שברי עוגיות אוריאו 400 גר' פרווה,0693493066464.jpg,33,hadpaami
שברי עוגיות קרמל 400 גר' פרווה,0693493066471.jpg,33,hadpaami
שומשום 200 גר' השף אלפרדו,7290010300587.jpg,11,hadpaami
שומשום במיכל פיזור 260 גר,835811008279.jpg,20,hadpaami
שוקובום 700 גר' בשקית,7290019500513.jpg,15,cleaning
שיבולת שועל דקה בשקית 500 גר',7290010300518.jpg,11,cleaning
"שיפוד עץ יפני 15 ס""מ אר' 80 יחי'",7290016028614.jpg,7,hadpaami
"שיפודי במבוק 15 ס""מ יקיטורי 100 יחי'",835811002390.jpg,8,hadpaami
שלט גיימר,7290013827388.jpg,36,hadpaami
שלט יום הולדת,7290013827999.jpg,25,birthday
שלט מזל טוב,7290013827968.jpg,25,hadpaami
שלישיה כיף צבעוני,7290004731472.jpg,22,hadpaami
שלישיית מציתים מעוצבים,7290019500469.jpg,6,hadpaami
שמיכת פוך יחיד סופר ווקום,7290111975561.jpg,80,hadpaami
שמן מנוע 5w30  C2 C3 4 ל',7290011785260.jpg,85,hadpaami
שעוונית 40 מטר,7290118576846.jpg,12,hadpaami
שעוונית 40 מטר לבן זהב,7290118571605.jpg,12,hadpaami
שעוונית פרחונית 40 מטר,7290118571797.jpg,12,hadpaami
שקדי מרק שקית 350 גרם,7290020178039.jpg,10,cleaning
שקיות אשפה 25 יחי' עם ידיות 75X90,835811005803.jpg,13,hadpaami
שקיות אשפה עם ידיות 24 יחי',835811007968.jpg,16,hadpaami
שקיות אשפה קטנות 40*50 אר' 4*20,7290115730722.jpg,10,hadpaami
שקיות הקפאה בגליל 35*25 אר 2*100,7290115730715.jpg,8,hadpaami
"שקיות זילוף עבות ירוק ח""דפ 10 יחי",7102545380920.jpg,10,hadpaami
שקיות מזון אר' 150 יחי' שלישייה,7290017870496.jpg,13,hadpaami
שקיות נייר לבאגט,7290122560206.jpg,7,hadpaami
שקיות נייר לסנדוויץ גדול 15*26 אר' 40,7290122560190.jpg,8,hadpaami
שקיות נייר עגלת תינוק כחול,6923538231750.jpg,3,hadpaami
שקית זילוף גדולות L אר' 50,7290115738094.jpg,9,cleaning
שקית כיסוי לצלחת xl,7291988056780.jpg,10,hadpaami
שקית נייר בגד תינוק כחול,6923538231835.jpg,4,cleaning
שקית נייר לבן,6928325185308.jpg,3,cleaning
שקית נייר עגלת תינוק ורוד,6923538231767.jpg,3,cleaning
שקית נייר עגלת תינוק ורוד,6923538231804.jpg,4,cleaning
שקית נייר פורים שמח מסכה זהב מיטאלי,6923538239961.jpg,3,cleaning
שקית נייר פורים שמח מסכה זהב מיטאלי,6923538239985.jpg,4,cleaning
שקית נייר קלאמפה פורים שמח מסכה זהב מיטאלי,6923538240042.jpg,6,cleaning
שקית נייר קלאפה + חלון לבן,6923538240523.jpg,4,cleaning
שקית נייר קלאפה + חלון לבן,6923538240530.jpg,5,cleaning
שקית נייר קלאפה פורים שמח כובע זהב מיטאלי,6923538240039.jpg,6,cleaning
שקית נשיאה עם ידיות M 100 יחי' שחור,729001903952532.jpg,8,cleaning
שקית סודה לשתיה 100 גר',7290018710777.jpg,4,cleaning
"שקף עבה לעוגה 10 ס""מ 3 מטר",2990618296927.jpg,10,birthday
שרפרף מדרגה,7290016132250.jpg,40,hadpaami
שרשרת אותיות םפורים שמח כובע זהב מיטאלי,6923538240349.jpg,12,hadpaami
שרשרת אותיות פורים שמח כובע זהב מיטאלי,6923538240332.jpg,12,hadpaami
שרשרת אותיות פורים שמח מסכה,6923538240325.jpg,12,hadpaami
ת.רחצה קרמה מלפפון,7290108356502.jpg,25,hadpaami
תבניות אלומיניום שחור/זהב,4831459616562.jpg,10,hadpaami
"תבניות נייר קוטר 10 ס""מ",20-140-0027.jpg,1,hadpaami
תבנית אלומי' קרם/זהב + מכסה אינגלייש,4891459618375.jpg,4,baking
תבנית אלומי' שחור זהב + מכסה אינגלייש,4891459616357.jpg,4,baking
תבנית אלומיניום D210,7290016622683.jpg,1.5,baking
תבנית אלומיניום R29,7290103152970.jpg,1,baking
תבנית אלומיניום עם זהב,4891459616555.jpg,7,baking
תבנית אלומיניום שחור/זהב,4891459616579.jpg,12,baking
תבנית אנודייז מקצועית ק18 ג10,7290018884133.jpg,62,baking
תבנית אנודייז מקצועית ק23 ג 10,7290018884157.jpg,70,baking
תבנית אפיה אובלית מזכוכית 1.6 ל' + מכסה,7290120166660.jpg,38,baking
תבנית אפיה אובלית מזכוכית 2.4 ל' + מכסה,7290120166677.jpg,52,baking
תבנית אפיה אנג'ל אנודייז עם רגליים,7759855536907.jpg,79,baking
תבנית אפיה בינונית אר' 4,7290016580235.jpg,9,baking
תבנית אפיה מלבנית + מכסה זכוכית 1.6ל',7290122532180.jpg,52,baking
תבנית אפיה נייר איניגלייש קייק אר' 6 יחי',7290016580228.jpg,9,baking
תבנית אפיה עגולה + מכסה זכוכית 2.4 ל',7290122532173.jpg,52,baking
תבנית טוסטר אובן + מכסה 20/32,7290011496289.jpg,10,baking
תבנית מחולקת שחור,9068.jpg,2,baking
תבנית מלבנית פיירקס 27*40,3137610001633.jpg,60,baking
תבנית נייר אינגלייש קייק מקושטת,7290111665097.jpg,2,baking
תבנית סיליקון 4 ארטיק מגנום גדול,7290618296442.jpg,28,baking
תבנית סיליקון 8 ארטיק מגנום קטן,7290018884300.jpg,30,baking
תבנית סיליקון אותיות עומדות,7290118437888.jpg,18,baking
תבנית סיליקון איכותית לאפיה לב,7290118435556.jpg,10,baking
תבנית סיליקון איכותית לשוקולד פרחים,7290118435402.jpg,8,baking
תבנית סיליקון איכותית לשוקולד קפס' מתנה,7290118435433.jpg,8,baking
"תבנית עגולה 6*12 ס""מ",7290113925243.jpg,2,baking
תבנית עגולה לפאי מתפרקת קוטר 26 נון סטיק,7290107057417.jpg,30,baking
תבנית פיירקס אינגליש 8*12*28,3137610000872.jpg,38,baking
תבנית פיירקס מכסה שקוף 2.6 לי',3137610000728.jpg,58,baking
תבנית רוסטר בייתי 27X37,7290011496210.jpg,10,baking
תושבת קצרה לדשבורד PHILIPS  M.C 360,6959033842252.jpg,45,hadpaami
"תחתית 1 ס""מ לעוגה מלבן 45*30 ס""מ זהב",7290019213796.jpg,16,birthday
"תחתית 1 ס""מ לעוגה מלבן 45*30 ס""מ לבן",7290018884676.jpg,18,birthday
"תחתית 1 ס""מ לעוגה מרובע 29 ס""מ לבן",7290018884492.jpg,12,birthday
"תחתית 1 ס""מ לעוגה עגולה 25 ס""מ לבן",7290018884591.jpg,10,birthday
"תחתית 1 ס""מ לעוגה עגולה 29 ס""מ לבן",7290018884430.jpg,12,birthday
"תחתית 4 מ""מ לעוגה מלבן 42*29 ס""מ לבן/כסף 25יחי'",7290019213949.jpg,10,birthday
"תחתית 4 מ""מ לעוגה מרובע 25 ס""מ זהב/שחור 25יח'",7290019213840.jpg,7,birthday
"תחתית 4 מ""מ לעוגה מרובע 25 ס""מ לבן/כסף 25יחי'",7290019213857.jpg,7,birthday
"תחתית 4 מ""מ לעוגה מרובע 29 ס""מ זהב/שחור 25 יחי'",7290019213901.jpg,8,birthday
"תחתית 4 מ""מ לעוגה מרובע 29 ס""מ לבן/כסף 25 יחי'",7290019213918.jpg,8,birthday
"תחתית 4 מ""מ לעוגה עגולה 25 ס""מ זהב/שחור 25יח'",7290019213819.jpg,7,birthday
"תחתית 4 מ""מ לעוגה עגולה 25 ס""מ לבן/כסף 25יח'",7290019213826.jpg,7,birthday
"תחתית 4 מ""מ לעוגה עגולה 29 ס""מ זהב/שחור 25 יחי'",7290019213871.jpg,8,birthday
"תחתית 4 מ""מ לעוגה עגולה 29 ס""מ לבן/כסף 25 יחי'",7290019213888.jpg,8,birthday
תחתית לסיר חם בד,7291988060985.jpg,9,baking
תיבת כוורת 30 BAMBOO,7290116789149.jpg,22,hadpaami
תיק נייר + ידיות ציפוי פלסטי חום,6928325194058.jpg,5,hadpaami
תמה לוק סיר מיקרו 3 לי',7290107901918.jpg,18,baking
"תמצית אפיה וניל 50 מ""ל",7290011695392.jpg,7,hadpaami
תמצית אפיה ורדים 50גר',7290019500148.jpg,7,hadpaami
"תמצית אפיה רום 50 מ""ל",7290011695385.jpg,7,hadpaami
תמצית אפיה שקדים 50גר',7290019500155.jpg,7,hadpaami
תמצית בטעם אבטיח,7290016892536.jpg,17,hadpaami
תמצית בטעם אגוז לוז,7290016973761.jpg,17,hadpaami
תמצית בטעם אוראו,0693493137355.jpg,17,hadpaami
תמצית בטעם אננס,7290016892499.jpg,17,hadpaami
תמצית בטעם בזוקה,7290016973778.jpg,17,hadpaami
תמצית בטעם בננה,7290016892512.jpg,17,hadpaami
תמצית בטעם דובדבן מורלו,7290016892505.jpg,17,hadpaami
תמצית בטעם וניל,7290016973617.jpg,17,hadpaami
תמצית בטעם טופי קרמל,7290016892543.jpg,17,hadpaami
תמצית בטעם ליים,7290016973921.jpg,17,hadpaami
תמצית בטעם מי ורדים,0693493137362.jpg,17,hadpaami
תמצית בטעם מי זהר,0693493137379.jpg,17,hadpaami
תמצית בטעם מנטה,0693493137393.jpg,17,hadpaami
תמצית בטעם ענבים,7290016892567.jpg,17,hadpaami
תמצית בטעם פטל,0693493137409.jpg,17,hadpaami
תמצית בטעם פיסטוק,7290016892550.jpg,17,hadpaami
תמצית בטעם קוקוס,7290016892475.jpg,17,hadpaami
תמצית בטעם קפוצ'ינו,7290016973754.jpg,17,hadpaami
תמצית בטעם רום,0693493137386.jpg,17,hadpaami
תמצית בטעם שוקולד חלב,7290016892482.jpg,17,baking
תמצית בטעם שוקולד מריר,7290016973631.jpg,17,baking
תמצית בטעם שקדים,7290016973747.jpg,17,hadpaami
תמצית בטעם תפוז,7290016892529.jpg,17,hadpaami
תמצית בטעם תפוח,7290016973624.jpg,17,hadpaami
תערובת להכנת וופל בלגי 400 גר' קרטונית,7290102844258.jpg,17,hadpaami
תפוחונים מארז רבעייה 88 גר',7290018517994.jpg,16,hadpaami
